player_id,cluster,position,draft_year,player_name
29007,9,C,2012,Peter Konz
27705,8,C,2012,Ben Jones
28586,9,C,2012,Philip Blake
28002,4,C,2012,David Molk
30283,5,C,2013,Travis Frederick
30374,2,C,2013,Brian Schwenke
30246,9,C,2013,Barrett Jones
30159,5,C,2013,Khaled Holmes
30119,5,C,2013,Eric Kush
33657,0,C,2014,Weston Richburg
34735,9,C,2014,Marcus Martin
34133,4,C,2014,Travis Swanson
33090,7,C,2014,Bryan Stork
34734,5,C,2014,Russell Bodine
34373,1,C,2014,Corey Linsley
34897,2,C,2014,Wesley Johnson
34388,0,C,2014,Luke Bowanko
46825,0,C,2015,Cameron Erving
46896,0,C,2015,Hroniss Grasu
47018,5,C,2015,Shaq Mason
46941,9,C,2015,Max Garcia
47054,0,C,2015,Andy Gallik
47582,2,C,2015,Austin Reiter
50307,2,C,2016,Ryan Kelly
49817,0,C,2016,Nick Martin
50309,0,C,2016,Max Tuerk
50475,6,C,2016,Isaac Seumalo
50308,3,C,2016,Graham Glasgow
50320,3,C,2016,Joey Hunt
50310,6,C,2016,Austin Blythe
49819,9,C,2016,Jack Allen
49823,2,C,2016,Matt Skura
50311,5,C,2016,Jake Brendel
50312,8,C,2016,Kyle Friend
49820,5,C,2016,Mike Matthews
51556,0,C,2017,Ethan Pocic
51628,0,C,2017,Pat Elflein
52047,5,C,2017,Sean Harlow
51946,1,C,2017,J.J. Dielman
51756,1,C,2017,Chase Roullier
51757,1,C,2017,Kyle Fuller
51630,8,C,2017,Tyler Orlosky
51555,3,C,2017,Jon Toth
51629,8,C,2017,Cameron Tom
52001,3,C,2017,Daniel Brunskill
101708,4,C,2018,Frank Ragnow
101706,9,C,2018,Billy Price
101707,0,C,2018,James Daniels
101529,0,C,2018,Martinas Rankin
101709,1,C,2018,Mason Cole
101619,4,C,2018,Brian Allen
101574,6,C,2018,Scott Quessenberry
101860,7,C,2018,Bradley Bozeman
101577,4,C,2018,Skyler Phillips
101958,7,C,2018,Coleman Shelton
101861,0,C,2018,Brad Lundblade
101862,5,C,2018,Jake Bennett
103726,2,C,2019,Garrett Bradbury
103535,2,C,2019,Elgton Jenkins
103735,6,C,2019,Erik McCoy
103763,1,C,2019,Lamont Gaillard
104053,8,C,2019,Nick Allegretti
103801,2,C,2019,Javon Patterson
103634,2,C,2019,Jesse Burkett
103692,6,C,2019,Sam Mustipher
104435,5,C,2020,Cesar Ruiz
104437,5,C,2020,Matt Hennessy
104212,5,C,2020,Lloyd Cushenberry III
104479,0,C,2020,Keith Ismael
104213,0,C,2020,Nick Harris
104690,1,C,2020,Jake Hanson
104700,5,C,2020,Dustin Woodard
104192,9,C,2020,Zach Shackelford
104486,5,C,2020,Trystan Colon-Castillo
27921,2,CB,2012,Morris Claiborne
28295,0,CB,2012,Stephon Gilmore
27428,3,CB,2012,Dre Kirkpatrick
28916,2,CB,2012,Casey Hayward
28742,0,CB,2012,Trumaine Johnson
28989,0,CB,2012,Josh Robinson
28771,1,CB,2012,Jamell Fleming
27936,2,CB,2012,Dwight Bentley
28931,1,CB,2012,Jayron Hosley
27476,3,CB,2012,Omar Bolden
29030,4,CB,2012,Coty Sensabaugh
27704,4,CB,2012,Brandon Boykin
28979,2,CB,2012,Ron Brooks
27599,2,CB,2012,Josh Norman
27436,5,CB,2012,De'quan Menzie
27820,4,CB,2012,Shaun Prater
29069,1,CB,2012,Jeremy Lane
28478,1,CB,2012,Keith Tandy
27675,2,CB,2012,Mike Harris
28053,4,CB,2012,Isaiah Frey
28071,4,CB,2012,Jonte Green
29107,3,CB,2012,Richard Crawford
29070,1,CB,2012,Jordan Bernstine
28408,2,CB,2012,Greg McCoy
28041,3,CB,2012,Alfonzo Dennard
30220,6,CB,2013,Dee Milliner
31079,2,CB,2013,D.J. Hayden
29254,4,CB,2013,Desmond Trufant
29986,6,CB,2013,Xavier Rhodes
29485,5,CB,2013,Darius Slay
29962,1,CB,2013,Johnthan Banks
29234,4,CB,2013,David Amerson
30095,0,CB,2013,Jamar Taylor
30016,0,CB,2013,Robert Alford
30149,2,CB,2013,Dwayne Gratz
29309,4,CB,2013,Leon McFadden
29205,6,CB,2013,Tyrann Mathieu
29199,0,CB,2013,Blidi Wreh-Wilson
30247,2,CB,2013,Logan Ryan
29628,3,CB,2013,Kayvon Webster
29722,3,CB,2013,Will Davis
29316,5,CB,2013,B.W. Webb
30184,0,CB,2013,Sanders Commings
29271,3,CB,2013,Tharold Simon
30330,4,CB,2013,Steve Williams
29978,2,CB,2013,Brandon McGee
29256,0,CB,2013,Terry Hawthorne
29198,1,CB,2013,Micah Hyde
29503,6,CB,2013,Khalid Wooten
30408,3,CB,2013,Jeremy Harris
30049,5,CB,2013,Demetrius McCray
29263,4,CB,2013,Jordan Poyer
34122,5,CB,2014,Justin Gilbert
33087,1,CB,2014,Kyle Fuller
33051,1,CB,2014,Darqueze Dennard
34111,2,CB,2014,Jason Verrett
33622,5,CB,2014,Bradley Roby
34713,5,CB,2014,Lamarcus Joyner
33736,6,CB,2014,Stan Jean-Baptiste
33709,0,CB,2014,Dex McDougle
33708,1,CB,2014,Phillip Gaines
33693,4,CB,2014,Jaylen Watkins
34730,0,CB,2014,Bashaud Breeland
33687,4,CB,2014,Ross Cockrell
33062,2,CB,2014,Aaron Colvin
34719,3,CB,2014,Keith McGill
33691,0,CB,2014,Marqueston Huff
33718,1,CB,2014,Walt Aikens
33660,2,CB,2014,Pierre Desir
33703,5,CB,2014,Dontae Johnson
33706,2,CB,2014,Nevin Lawson
33698,2,CB,2014,Ricardo Allen
33699,1,CB,2014,Bene Benwikere
34778,5,CB,2014,Shaquille Richardson
33713,6,CB,2014,Keith Reaser
33722,6,CB,2014,Kenneth Acker
33625,2,CB,2014,Antone Exum
33712,4,CB,2014,Kendall James
34142,3,CB,2014,Bennett Jackson
33663,0,CB,2014,E.J. Gaines
33715,5,CB,2014,Brandon Dixon
34830,2,CB,2014,Demetri Goodson
33702,4,CB,2014,Dre Hal
33671,3,CB,2014,T.J. Carrie
33723,4,CB,2014,Jabari Price
34844,2,CB,2014,Jonathan Dowling
46819,3,CB,2015,Trae Waynes
46824,6,CB,2015,Kevin Johnson
46830,5,CB,2015,Marcus Peters
46846,3,CB,2015,Byron Jones
46854,2,CB,2015,Jalen Collins
46863,3,CB,2015,Eric Rowe
46869,2,CB,2015,Ronald Darby
46877,5,CB,2015,Senquez Golson
46880,6,CB,2015,Quinten Rollins
46893,0,CB,2015,D'Joun Smith
46867,6,CB,2015,P.J. Williams
46910,3,CB,2015,Alex Carter
47010,4,CB,2015,Craig Mager
46915,3,CB,2015,Steven Nelson
46895,4,CB,2015,Doran Grant
47369,1,CB,2015,Tray Walker
47011,6,CB,2015,Bobby McCain
46994,1,CB,2015,Lorenzo Doss
47112,2,CB,2015,Damian Swann
46981,1,CB,2015,Tye Smith
46903,6,CB,2015,Charles Gaines
46939,1,CB,2015,JaCorey Shepherd
47361,2,CB,2015,Randall Evans
46963,1,CB,2015,Quandre Diggs
46912,6,CB,2015,Ifo Ekpre-Olomu
47327,6,CB,2015,Dexter McDonald
47035,0,CB,2015,Darryl Roberts
49428,1,CB,2016,Jalen Ramsey
50243,2,CB,2016,Eli Apple
49429,4,CB,2016,Vernon Hargreaves III
49438,4,CB,2016,William Jackson III
49437,6,CB,2016,Artie Burns
50245,0,CB,2016,Xavien Howard
49435,3,CB,2016,Mackensie Alexander
49451,0,CB,2016,Cyrus Jones
49442,4,CB,2016,James Bradberry
49434,4,CB,2016,Will Redmond
49441,1,CB,2016,Keivarae Russell
50247,1,CB,2016,Daryl Worley
49432,3,CB,2016,Kendall Fuller
50465,0,CB,2016,Brandon Williams
49443,1,CB,2016,Tavon Young
49436,5,CB,2016,Eric Murray
49512,2,CB,2016,Ryan Smith
49471,6,CB,2016,Juston Burris
49448,3,CB,2016,Deiondre' Hall
50252,1,CB,2016,Rashard Robinson
50246,0,CB,2016,Zack Sanchez
49456,2,CB,2016,Leshaun Sims
49493,2,CB,2016,Trey Caldwell
49433,5,CB,2016,D.J. White
49464,4,CB,2016,Anthony Brown
49470,2,CB,2016,Blake Countess
49466,6,CB,2016,Harlan Miller
50543,0,CB,2016,Kamu Grugier-Hill
49454,6,CB,2016,Maurice Canady
49440,2,CB,2016,Kevon Seymour
50249,0,CB,2016,Prince Charles Iworah
50254,2,CB,2016,Kalan Reed
49439,4,CB,2016,Briean Boddy-Calhoun
49447,4,CB,2016,Jonathan Jones
49487,3,CB,2016,Deandre Elliott
50492,1,CB,2016,Cleveland Wallace III
49453,2,CB,2016,Nick Vanhoose
49444,4,CB,2016,V'Angelo Bentley
49463,6,CB,2016,Cre'Von Leblanc
49460,6,CB,2016,Kevin Peterson
49449,6,CB,2016,Ken Crawley
49485,6,CB,2016,De'Vante Harris
52107,1,CB,2017,Marshon Lattimore
51719,2,CB,2017,Marlon Humphrey
51594,5,CB,2017,Adoree' Jackson
52110,3,CB,2017,Gareon Conley
48609,3,CB,2017,Tre'Davious White
52109,4,CB,2017,Kevin King
51720,4,CB,2017,Sidney Jones
52097,2,CB,2017,Quincy Wilson
52114,1,CB,2017,Teez Tabor
52112,1,CB,2017,Chidobe Awuzie
51977,2,CB,2017,Ahkello Witherspoon
48660,5,CB,2017,Fabian Moreau
51980,4,CB,2017,Shaquill Griffin
51591,2,CB,2017,Jourdan Lewis
51523,3,CB,2017,Cam Sutton
51590,1,CB,2017,Cordrea Tankersley
51817,2,CB,2017,Rasul Douglas
51722,6,CB,2017,Brendan Langley
51724,5,CB,2017,Howard Wilson
51598,6,CB,2017,Damontae Kazee
51589,0,CB,2017,Desmond King
51723,6,CB,2017,Corn Elder
51829,2,CB,2017,Nate Hairston
101298,2,CB,2017,Jamal Agnew
51982,0,CB,2017,Treston Decoud
51983,5,CB,2017,Brian Allen
51687,4,CB,2017,Jeremy Clark
101414,4,CB,2017,Derrick Jones
51861,1,CB,2017,Brandon Wilson
51688,1,CB,2017,Marquez White
51979,3,CB,2017,Jalen Myrick
51856,0,CB,2017,Josh Holsey
51978,3,CB,2017,Jack Tocho
51593,2,CB,2017,Ashton Lampkin
51857,2,CB,2017,Will Likely
51686,1,CB,2017,Channing Stribling
51855,3,CB,2017,Sojourn Shelton
51721,6,CB,2017,Ezra Robinson
51592,2,CB,2017,Cole Luke
101662,6,CB,2018,Denzel Ward
101675,4,CB,2018,Jaire Alexander
101834,4,CB,2018,Mike Hughes
101663,2,CB,2018,Josh Jackson
101665,6,CB,2018,M.J. Stewart
101838,3,CB,2018,Donte Jackson
101697,6,CB,2018,Duke Dawson
101751,3,CB,2018,Isaiah Oliver
101841,6,CB,2018,Carlton Davis
101852,0,CB,2018,Rashaan Gaulden
101749,5,CB,2018,Isaac Yiadom
101785,1,CB,2018,Nick Nelson
101667,1,CB,2018,Anthony Averett
101714,5,CB,2018,Taron Johnson
101865,5,CB,2018,Avonte Maddox
101756,3,CB,2018,D.J. Reed
101872,3,CB,2018,Davontae Harris
101871,0,CB,2018,Dane Cruikshank
101692,0,CB,2018,Siran Neal
102612,0,CB,2018,Jermaine Carter
101721,6,CB,2018,Darius Phillips
101876,4,CB,2018,Parry Nickerson
101676,3,CB,2018,Chris Campbell
102636,0,CB,2018,Simeon Thomas
101748,2,CB,2018,Kamrin Moore
102604,2,CB,2018,Tremon Smith
102621,4,CB,2018,Cornell Armstrong
102648,4,CB,2018,Jermaine Kelly
102670,0,CB,2018,Devante Downs
101870,1,CB,2018,Greg Stroman
102614,6,CB,2018,Keion Crossen
101778,5,CB,2018,Holton Hill
101668,0,CB,2018,Kevin Toliver
101758,6,CB,2018,J.C. Jackson
101666,4,CB,2018,Tarvarus McFadden
101685,2,CB,2018,Danny Johnson
101687,4,CB,2018,Chandon Sullivan
101688,3,CB,2018,D'Montre Wade
101869,4,CB,2018,Grant Haley
101705,5,CB,2018,Quenton Meeks
101672,5,CB,2018,Rashard Fant
101682,4,CB,2018,Tony Brown
101695,3,CB,2018,Michael Joseph
102793,1,CB,2018,Michael Joseph
101719,0,CB,2018,Levi Â Wallace
101874,2,CB,2018,Andre Chachere
101863,1,CB,2018,JaMarcus King
101878,1,CB,2018,Jalen Davis
101680,1,CB,2018,Brandon Facyson
101679,3,CB,2018,Jamar Summers
103518,4,CB,2019,Deandre Baker
103578,1,CB,2019,Byron Murphy
103745,1,CB,2019,Rock Ya-Sin
103891,6,CB,2019,Sean Bunting
103840,0,CB,2019,Trayvon Mullen
103875,1,CB,2019,Joejuan Williams
103506,2,CB,2019,Greedy Williams
103598,2,CB,2019,Lonnie Johnson Jr.
103842,4,CB,2019,David Long
103847,5,CB,2019,Justin Layne
103733,2,CB,2019,Jamel Dean
103540,5,CB,2019,Julian Love
103898,2,CB,2019,Kendall Sheffield
103667,1,CB,2019,Iman Marshall
103620,1,CB,2019,Isaiah Johnson
103601,1,CB,2019,Amani Oruwariye
103626,2,CB,2019,Michael Jackson
103612,1,CB,2019,Jordan Miller
103786,6,CB,2019,Corey Ballentine
104045,0,CB,2019,Ka'dar Hollman
104006,5,CB,2019,Xavier Crawford
103592,6,CB,2019,Blessuan Austin
104049,0,CB,2019,Tim  Harris
103758,2,CB,2019,Rashad Fenton
104051,5,CB,2019,Duke Shelley
103577,6,CB,2019,Kris Boyd
103776,3,CB,2019,Donnie Lewis Jr.
103770,1,CB,2019,Jordan Brown
103699,0,CB,2019,Jimmy Moreland
104059,2,CB,2019,Stephen Denmark
103846,2,CB,2019,Saivion Smith
103849,4,CB,2019,Hamp Cheevers
103923,2,CB,2019,Derrek Thomas
103570,6,CB,2019,Jamal Peters
103582,6,CB,2019,Blace Brown
103806,4,CB,2019,Montre Hartage
103781,6,CB,2019,Davante Davis
103632,0,CB,2019,Mark Fields
103820,3,CB,2019,Derrick Baity Jr.
103918,3,CB,2019,Darius Williams
103873,1,CB,2019,Clifton Duck
103646,0,CB,2019,Alijah Holder
104096,3,CB,2020,Jeff Okudah
104104,3,CB,2020,CJ Henderson
104476,5,CB,2020,A.J. Terrell
104223,3,CB,2020,Damon Arnette
104428,3,CB,2020,Noah Igbinoghene
104219,1,CB,2020,Jeff Gladney
104210,1,CB,2020,Jaylon Johnson
104110,5,CB,2020,Trevon Diggs
104102,6,CB,2020,Kristian Fulton
104446,6,CB,2020,Cameron Dantzler
104208,3,CB,2020,Darnay Holmes
104171,1,CB,2020,Troy Pride Jr.
104676,0,CB,2020,Reggie Robinson II
104444,3,CB,2020,Josiah Scott
104451,3,CB,2020,Amik Robertson
104541,4,CB,2020,John Reid
104121,2,CB,2020,Bryce Hall
104225,6,CB,2020,Kindle Vildor
104452,2,CB,2020,Harrison Hand
104691,2,CB,2020,Isaiah Rodgers
104695,4,CB,2020,Stantley Thomas-Oliver III
104696,1,CB,2020,Chris Claybrooks
104705,4,CB,2020,Thakarius Keyes
104389,4,CB,2020,Dane Jackson
104138,1,CB,2020,Lavert Hill
104502,5,CB,2020,Javaris Davis
104485,6,CB,2020,Essang Bassey
104205,4,CB,2020,A.J. Green
104440,4,CB,2020,Stanford Samuels III
104460,4,CB,2020,Trajan Bandy
104532,3,CB,2020,Debione Renfro
104033,6,CB,2020,Myles Bryant
104540,3,CB,2020,Grayland Arnold
104624,6,CB,2020,Javelin Guidry
104661,5,CB,2020,Nevelle Clarke
28090,4,DE,2012,Quinton Coples
28296,4,DE,2012,Melvin Ingram
29006,2,DE,2012,Chandler Jones
28967,0,DE,2012,Whitney Mercilus
28988,0,DE,2012,Nick Perry
29053,2,DE,2012,Courtney Upshaw
27557,2,DE,2012,Andre Branch
27949,2,DE,2012,Vinny Curry
29008,0,DE,2012,Olivier Vernon
28609,4,DE,2012,Tyrone Crawford
27489,4,DE,2012,Jake Bequette
28772,4,DE,2012,Frank Alexander
28040,3,DE,2012,Jared Crick
28371,1,DE,2012,Malik Jackson
28183,2,DE,2012,Jack Crawford
29012,3,DE,2012,Jonathan Massaquoi
28233,4,DE,2012,Scott Solomon
28661,4,DE,2012,Trevor Guyton
28922,4,DE,2012,Cam Johnson
30245,4,DE,2013,Ezekiel Ansah
29235,4,DE,2013,Barkevious Mingo
30221,3,DE,2013,Bjoern Werner
29289,0,DE,2013,Datone Jones
29318,2,DE,2013,Cornellius (Tank) Carradine
29617,2,DE,2013,Margus Hunt
30227,4,DE,2013,Damontre Moore
29248,4,DE,2013,Corey Lemonier
29246,3,DE,2013,Sam Montgomery
29189,1,DE,2013,Alex Okafor
30150,3,DE,2013,Trevardo Williams
29958,2,DE,2013,William Gholston
29191,2,DE,2013,Malliciah Goodman
29206,1,DE,2013,John Simon
30197,3,DE,2013,Devin Taylor
29210,0,DE,2013,Lavar Edwards
29766,4,DE,2013,Quanterus Smith
30342,4,DE,2013,Stansly Maponga
29325,0,DE,2013,Quinton Dial
29351,3,DE,2013,Tourek Williams
30325,4,DE,2013,Cornelius Washington
29213,1,DE,2013,Kapron Lewis-Moore
30343,1,DE,2013,Mike Catapano
29979,4,DE,2013,Joe Kruger
29821,1,DE,2013,Armonty Bryant
29200,1,DE,2013,Michael Buchanan
29494,3,DE,2013,David Bass
33597,3,DE,2014,Jadeveon Clowney
33632,2,DE,2014,Dee Ford
33831,2,DE,2014,Marcus Smith
33608,4,DE,2014,Stephon Tuitt
33053,4,DE,2014,Kony Ealy
33613,2,DE,2014,Scott Crichton
34119,3,DE,2014,Kareem Martin
33830,3,DE,2014,William Clarke
34155,4,DE,2014,Cassius Marsh
31953,0,DE,2014,Larry Webster
34131,1,DE,2014,Taylor Hart
33606,3,DE,2014,Aaron Lynch
33645,4,DE,2014,Chris Smith
33075,2,DE,2014,Ed Stinson
33841,0,DE,2014,Jonathan Newsome
33054,4,DE,2014,Jeoffrey Pagan
33844,4,DE,2014,Zach Moore
33845,3,DE,2014,IK Enemkpali
33828,4,DE,2014,Ben Gardner
33849,3,DE,2014,Terrence Fede
33672,0,DE,2014,Shelby Harris
46813,3,DE,2015,Dante Fowler Jr.
46811,3,DE,2015,Leonard Williams
46821,2,DE,2015,Arik Armstead
46857,1,DE,2015,Mario Edwards Jr.
46852,3,DE,2015,Preston Smith
46884,3,DE,2015,Markus Golden
47020,2,DE,2015,Frank Clark
46864,1,DE,2015,Owa Odighizuwa
46894,2,DE,2015,Danielle Hunter
46886,1,DE,2015,Henry Anderson
46959,0,DE,2015,Geneo Grissom
46870,3,DE,2015,Trey Flowers
46907,0,DE,2015,Za'Darius Smith
47283,4,DE,2015,Shaq Riddick
47006,3,DE,2015,Ryan Russell
46976,2,DE,2015,B.J. Dubose
47091,3,DE,2015,Obum Gwacham
47539,1,DE,2015,Christian Ringo
46919,2,DE,2015,Anthony Chickillo
47297,0,DE,2015,Kristjan Sokoli
47056,4,DE,2015,Martin Ifedi
47357,3,DE,2015,Brian Mihalik
49517,3,DE,2016,Joey Bosa
49518,4,DE,2016,DeForest Buckner
49519,1,DE,2016,Shaq Lawson
49521,2,DE,2016,Emmanuel Ogbah
50257,0,DE,2016,Kevin Dodd
49537,4,DE,2016,Jihad Ward
49525,0,DE,2016,Adam Gotsis
49526,1,DE,2016,Carl Nassib
50472,2,DE,2016,Yannick Ngakoue
49535,3,DE,2016,Bronson Kaufusi
50474,2,DE,2016,Jonathan Bullard
49522,1,DE,2016,Shilique Calhoun
49530,3,DE,2016,Charles Tapper
49538,1,DE,2016,Dean Lowry
49534,1,DE,2016,Tyrone Holmes
49528,2,DE,2016,Anthony Zettel
49551,3,DE,2016,Jonathan Woodard
50263,4,DE,2016,Alex Mccalister
49527,4,DE,2016,Jason Fanaika
49533,2,DE,2016,Romeo Okwara
49540,1,DE,2016,Ufomba Kamalu
49531,4,DE,2016,Aziz Shittu
49564,3,DE,2016,Ron Thompson
49523,0,DE,2016,Shawn Oakman
50494,2,DE,2016,D.J. Pettway
50466,2,DE,2016,Mehdi Abdesmad
50264,1,DE,2016,Lawrence Thomas
49550,3,DE,2016,Jimmy Bean
50467,0,DE,2016,Giorgio Newberry
49554,0,DE,2016,Sterling Bailey
49536,1,DE,2016,Reggie Gilbert
49558,3,DE,2016,Vontarrius Dora
49532,3,DE,2016,Mario Ojemudia
51534,4,DE,2017,Myles Garrett
51532,0,DE,2017,Derek Barnett
52005,0,DE,2017,Takkarist McKinley
51689,1,DE,2017,Taco Charlton
51601,2,DE,2017,DeMarcus Walker
51728,4,DE,2017,Tanoh Kpassagnon
51599,3,DE,2017,Dawaune Smoot
51726,4,DE,2017,Jordan Willis
51729,2,DE,2017,Tarell Basham
51715,0,DE,2017,Trey Hendrickson
48703,3,DE,2017,Carl Lawson
51530,1,DE,2017,Deatrich Wise Jr.
51864,2,DE,2017,Avery Moss
51956,4,DE,2017,Dylan Donahue
51727,0,DE,2017,Al-Quadin Muhammad
51948,1,DE,2017,Pita Taumoepenu
51996,2,DE,2017,Jeremiah Ledbetter
51966,4,DE,2017,Ifeadi Odenigbo
51600,3,DE,2017,Isaac Rochell
51862,1,DE,2017,Keion Adams
100111,2,DE,2017,Pat O'Connor
51690,0,DE,2017,Keionta Davis
52046,3,DE,2017,Devonte Fields
51863,4,DE,2017,Praise Martin-Oguike
51691,3,DE,2017,Ken Ekanem
51731,1,DE,2017,Garrett Sickels
51538,3,DE,2017,A.J. Jefferson
52004,1,DE,2017,Noble Nwachukwu
51528,2,DE,2017,Corey Vereen
51540,1,DE,2017,Lewis Neal
51942,3,DE,2017,Fadol Brown
100032,4,DE,2017,Hunter Dimick
101508,0,DE,2018,Bradley Chubb
101603,1,DE,2018,Marcus Davenport
101766,2,DE,2018,Breeland Speaks
101736,0,DE,2018,Kemoko Turay
101562,4,DE,2018,Tyquan Lewis
101651,4,DE,2018,Chad Thomas
101787,0,DE,2018,Rasheem Green
101509,1,DE,2018,Arden Key
101556,0,DE,2018,Jalyn Holmes
101566,0,DE,2018,Da'Shawn Hand
101555,2,DE,2018,Dorance Armstrong Jr.
101585,2,DE,2018,Kentavius Street
101546,1,DE,2018,Josh Sweat
101716,0,DE,2018,Andrew Brown
101588,2,DE,2018,Duke Ejiofor
101627,4,DE,2018,Kylie Fitts
101531,3,DE,2018,Trevon Young
101580,1,DE,2018,Ade Aruna
102161,4,DE,2018,Zach Sieler
101801,1,DE,2018,Justin Lawler
101781,0,DE,2018,Olasunkanmi Adenyi
101897,0,DE,2018,Matt Dickerson
101898,4,DE,2018,Darius Jackson
101896,4,DE,2018,Olubunmi Rotimi
103504,2,DE,2019,Nick Bosa
103514,0,DE,2019,Clelin Ferrell
103508,2,DE,2019,Rashan Gary
103523,3,DE,2019,Montez Sweat
103766,4,DE,2019,L.J. Collier
103520,1,DE,2019,Zach Allen
103526,4,DE,2019,Jachai Polite
103537,1,DE,2019,Jaylon Ferguson
103551,3,DE,2019,Oshane Ximines
103868,2,DE,2019,Maxx Crosby
103856,3,DE,2019,Anthony Nelson
103609,0,DE,2019,Austin Bryant
103746,0,DE,2019,John Cominsky
103843,1,DE,2019,Shareef Miller
103734,4,DE,2019,Charles Omenihu
103602,1,DE,2019,Joe Jackson
104056,1,DE,2019,Quinton Bell
103583,2,DE,2019,Jalen Jelks
103613,4,DE,2019,Jonathan Ledbetter
103731,4,DE,2019,Wyatt Ray
103585,2,DE,2019,Carl Granderson
103884,0,DE,2019,Amani Bledsoe
104097,0,DE,2020,Chase Young
104127,0,DE,2020,Yetur Gross-Matos
104203,4,DE,2020,Darrell Taylor
104101,0,DE,2020,AJ Epenesa
104162,1,DE,2020,Josh Uche
104130,2,DE,2020,Jabari Zuniga
104142,0,DE,2020,D.J. Wonnum
104133,3,DE,2020,Khalid Kareem
104183,3,DE,2020,Alton Robinson
104376,3,DE,2020,Jason Strowbridge
104119,3,DE,2020,Curtis Weaver
104172,2,DE,2020,Mike Danna
104388,2,DE,2020,Bradlee Anae
104132,0,DE,2020,Kenny Willekes
104527,1,DE,2020,James Smith-Williams
104530,3,DE,2020,Casey Toohill
104703,3,DE,2020,Jashon Cornell
104454,3,DE,2020,Jonathan Garvin
104150,3,DE,2020,Nick Coe
104185,4,DE,2020,Tipa Galeai
104522,1,DE,2020,Malcolm Roach
104497,4,DE,2020,LaDarius Hamilton
104197,4,DE,2020,Trevon Hill
28951,3,DT,2012,Dontari Poe
28964,5,DT,2012,Fletcher Cox
28980,4,DT,2012,Michael Brockers
27545,2,DT,2012,Derek Wolfe
27589,1,DT,2012,Kendall Reyes
28009,0,DT,2012,Jerel Worthy
28182,2,DT,2012,Devon Still
28001,4,DT,2012,Mike Martin
27556,5,DT,2012,Brandon Thompson
28429,4,DT,2012,Alameda Ta'amu
27664,5,DT,2012,Jaye Howard
27819,3,DT,2012,Mike Daniels
27435,1,DT,2012,Josh Chapman
28602,5,DT,2012,Billy Winn
28381,5,DT,2012,Kheeston Randall
28261,2,DT,2012,Jerome Long
29048,3,DT,2012,J.R. Sweezy
27940,2,DT,2012,Greg Scruggs
27708,1,DT,2012,DeAngelo Tyson
28111,1,DT,2012,Markus Kuhn
29203,1,DT,2013,Sheldon Richardson
29237,3,DT,2013,Star Lotulelei
29257,0,DT,2013,Sharrif Floyd
29239,1,DT,2013,Sylvester Williams
29961,4,DT,2013,Kawann Short
29244,4,DT,2013,Johnathan Hankins
29959,4,DT,2013,Bennie Logan
29236,5,DT,2013,John Jenkins
29983,1,DT,2013,Jordan Hill
29493,4,DT,2013,Brandon Williams
30243,4,DT,2013,Akeem Spence
29193,2,DT,2013,Jesse Williams
29226,0,DT,2013,Montori Hughes
29314,3,DT,2013,Josh Boyd
30101,4,DT,2013,Christopher Jones
29546,5,DT,2013,Stacy McGee
29606,3,DT,2013,Nicholas Williams
29187,2,DT,2013,Everett Dawkins
34113,4,DT,2014,Aaron Donald
34843,3,DT,2014,Dominique Easley
33061,1,DT,2014,Ra'Shede Hageman
33607,4,DT,2014,Timmy Jernigan
33052,0,DT,2014,Ego Ferguson
34166,4,DT,2014,Jay Bromley
33621,4,DT,2014,Will Sutton
33599,0,DT,2014,Louis Nix III
34128,5,DT,2014,Khyri Thornton
34184,5,DT,2014,Justin Ellis
33626,1,DT,2014,DaQuan Jones
34182,3,DT,2014,Brent Urban
34136,4,DT,2014,Caraun Reid
34158,5,DT,2014,Ryan Carrethers
34193,2,DT,2014,Jimmy Staten
34110,5,DT,2014,Dan McCullers
34191,1,DT,2014,Shamar Stephen
34145,3,DT,2014,Beau Allen
33092,0,DT,2014,Kaleb Ramsey
46823,0,DT,2015,Danny Shelton
46828,3,DT,2015,Malcom Brown
46835,1,DT,2015,Eddie Goldman
46855,3,DT,2015,Jordan Phillips
46866,0,DT,2015,Carl Davis
46902,2,DT,2015,Xavier Cooper
46991,5,DT,2015,Angelo Blackson
46923,2,DT,2015,Gabe Wright
47296,0,DT,2015,Rodney Gunter
46925,2,DT,2015,Marcus Hardison
46860,0,DT,2015,Grady Jarrett
46999,4,DT,2015,David Parry
47002,2,DT,2015,Tyeler Davison
46865,2,DT,2015,Michael Bennett
46954,5,DT,2015,Darius Philon
46982,2,DT,2015,L.T. Walton
47272,3,DT,2015,Darius Kilgo
46957,0,DT,2015,Christian Covington
46989,3,DT,2015,Rakeem Nunez-Roches
47076,3,DT,2015,Deon Simon
49651,2,DT,2016,Sheldon Rankins
49654,5,DT,2016,Kenny Clark
49649,0,DT,2016,Robert Nkemdiche
49664,3,DT,2016,Vernon Butler
50282,2,DT,2016,Chris Jones
50282,2,DT,2016,Chris Jones
50282,0,DT,2016,Chris Jones
50282,0,DT,2016,Chris Jones
49655,1,DT,2016,Austin Johnson
49652,4,DT,2016,A'Shawn Robinson
49650,0,DT,2016,Jarran Reed
49653,5,DT,2016,Maliek Collins
49660,1,DT,2016,Adolphus Washington
49677,1,DT,2016,Javon Hargrave
50288,5,DT,2016,Vincent Valentine
49661,1,DT,2016,Sheldon Day
50283,3,DT,2016,Hassan Ridgeway
50291,0,DT,2016,David Onyemata
49656,0,DT,2016,Andrew Billings
50286,4,DT,2016,Willie Henry
50501,2,DT,2016,Ronald Blair
50287,3,DT,2016,Quinton Jefferson
49682,1,DT,2016,Matt Ioannidis
50473,0,DT,2016,D.J. Reader
49662,1,DT,2016,Antwaun Woods
50289,0,DT,2016,Darius Latham
49658,5,DT,2016,Nile Lawrence-Stample
50290,5,DT,2016,Cory Johnson
49675,0,DT,2016,Joel Heath
49674,0,DT,2016,Connor Wujciak
49668,3,DT,2016,Luther Maddy
49686,0,DT,2016,Chris Mayes
51730,3,DT,2017,Solomon Thomas
51744,1,DT,2017,Jonathan Allen
51610,2,DT,2017,Malik McDowell
51547,4,DT,2017,Dalvin Tomlinson
51678,4,DT,2017,Larry Ogunjobi
51613,3,DT,2017,Chris Wormley
48838,5,DT,2017,Eddie Vanderdoes
51548,5,DT,2017,Montravius Adams
51746,0,DT,2017,Nazair Jones
51617,1,DT,2017,Jaleel Johnson
51695,3,DT,2017,Ryan Glasgow
51619,4,DT,2017,Carlos Watkins
52095,1,DT,2017,Grover Stewart
51747,0,DT,2017,Davon Godchaux
51549,4,DT,2017,Caleb Brantley
51742,1,DT,2017,Tanzel Smart
51741,0,DT,2017,Vincent Taylor
51743,2,DT,2017,D.J. Jones
51745,5,DT,2017,Elijah Qualls
51819,4,DT,2017,Stevie Tu'Ikolovatu
100078,3,DT,2017,Joey Ivie
51959,3,DT,2017,Treyvon Hester
100206,3,DT,2017,Jordan Carrell
51618,2,DT,2017,Jarron Jones
51611,4,DT,2017,Charles Walker
51614,4,DT,2017,DeAngelo Brown
51955,5,DT,2017,Chunky Clements
101526,2,DT,2018,Vita Vea
101536,3,DT,2018,Da'Ron Payne
101752,2,DT,2018,Taven Bryan
101933,5,DT,2018,P.J. Hall
101722,3,DT,2018,B.J. Hill
101754,2,DT,2018,Nathan Shepherd
101524,5,DT,2018,Derrick Nnadi
101628,2,DT,2018,Justin Jones
101711,4,DT,2018,Deadrin Senat
101776,3,DT,2018,Harrison Phillips
101842,3,DT,2018,RJ McIntosh
101512,3,DT,2018,Mo Hurst
101821,2,DT,2018,Bilal Nichols
101840,5,DT,2018,Tim Settle
101791,4,DT,2018,Folorunso Fatukasi
102348,2,DT,2018,Sebastian Joseph
101811,3,DT,2018,Kahlil McKenzie
102357,0,DT,2018,Jullian Taylor
101803,5,DT,2018,Kendrick Norton
101926,3,DT,2018,Joshua Frazier
101783,5,DT,2018,Hercules Mata'afa
101593,1,DT,2018,Trenton Thompson
101740,4,DT,2018,John Atkins
101925,2,DT,2018,Taylor Stallworth
101857,2,DT,2018,Poona Ford
101547,5,DT,2018,Lowell Lotulelei
101802,2,DT,2018,JoJo Wicker
101605,2,DT,2018,Zay Henderson
101817,5,DT,2018,Eddy Wilson
101620,0,DT,2018,Curtis Cothran
101795,5,DT,2018,Greg Gilmore
101809,2,DT,2018,Du'Vonta Lampkin
101727,4,DT,2018,Josh Fatu
101797,5,DT,2018,Christian LaCouture
103509,4,DT,2019,Quinnen Williams
103505,4,DT,2019,Ed Oliver
103516,5,DT,2019,Christian Wilkins
103510,5,DT,2019,Dexter Lawrence
103519,2,DT,2019,Jeffery Simmons
103538,5,DT,2019,Jerry Tillery
103870,2,DT,2019,Trysten Hill
103529,1,DT,2019,Dre'Mont Jones
103782,3,DT,2019,Khalen Saunders
103651,4,DT,2019,Renell Wren
103645,1,DT,2019,Greg Gaines
103816,5,DT,2019,Kingsley Keke
103754,4,DT,2019,Byron Cowart
103902,1,DT,2019,Daylon Mack
103821,0,DT,2019,Armon Watts
103554,1,DT,2019,Isaiah Buggs
103614,4,DT,2019,Demarcus Christmas
103593,4,DT,2019,Terry Beckner Jr.
104055,2,DT,2019,PJ Johnson
103600,4,DT,2019,Dontavius Russell
104060,1,DT,2019,Cortez Broughton
103688,0,DT,2019,Chris Slayton
103714,5,DT,2019,Gerald Willis III
103643,2,DT,2019,Albert Huggins
103869,5,DT,2019,Kevin Givens
104003,3,DT,2019,Daniel Wise
103879,0,DT,2019,Ed Alexander
104098,1,DT,2020,Derrick Brown
104120,2,DT,2020,Javon Kinlaw
104426,2,DT,2020,Ross Blacklock
104163,4,DT,2020,Marlon Davidson
104111,3,DT,2020,Raekwon Davis
104434,1,DT,2020,Justin Madubuike
104501,2,DT,2020,Davon Hamilton
104375,1,DT,2020,Neville Gallimore
104215,1,DT,2020,Jordan Elliott
104675,5,DT,2020,McTelvin Agim
104384,3,DT,2020,Leki Fotu
104371,4,DT,2020,James Lynch
104518,5,DT,2020,Rashard Lawrence
104681,1,DT,2020,Broderick Washington Jr
104377,0,DT,2020,Larrell Murchison
104685,3,DT,2020,Bravvion Roy
104380,0,DT,2020,Robert Windsor
104657,5,DT,2020,Khalil Davis
104650,2,DT,2020,John Penisini
104513,4,DT,2020,Carlos Davis
104167,3,DT,2020,Raequan Williams
104514,4,DT,2020,Benito Jones
104528,2,DT,2020,Josiah Coatney
104165,2,DT,2020,Ray Lima
29028,0,FB,2012,Rhett Ellison
28520,1,FB,2012,Bradie Ewing
28147,1,FB,2012,Drake Dunsmore
30302,4,FB,2013,Kyle Juszczyk
30034,0,FB,2013,Braden Wilson
30019,0,FB,2013,Tommy Bohanon
33653,4,FB,2014,Jay Prosch
34809,1,FB,2014,Kiero Small
33643,4,FB,2014,Trey Millard
46958,1,FB,2015,Jalston Fowler
47125,3,FB,2015,Michael Burton
47157,0,FB,2015,Aaron Ripkowski
50470,3,FB,2016,Andy Janovich
49718,0,FB,2016,Dan Vitale
49719,4,FB,2016,Derek Watt
50297,2,FB,2016,Glenn Gronkowski
51748,1,FB,2017,Sam Rogers
52013,0,FB,2017,Marquez Williams
51749,4,FB,2017,Freddie Stevenson
101742,4,FB,2018,Jaylen Samuels
101770,2,FB,2018,Nick Bawden
101739,4,FB,2018,Dimitri Flowers
101823,2,FB,2018,Khalid Hill
104058,4,FB,2019,Chandler Cox
28618,0,LB,2012,Luke Kuechly
28955,4,LB,2012,Bruce Irvin
29060,2,LB,2012,Shea McClellin
27430,4,LB,2012,Dont'a Hightower
28662,2,LB,2012,Mychal Kendricks
28903,2,LB,2012,Bobby Wagner
28094,0,LB,2012,Zach Brown
28042,0,LB,2012,Lavonte David
28558,2,LB,2012,Demario Davis
27985,0,LB,2012,Sean Spence
27673,3,LB,2012,Nigel Bradham
28994,3,LB,2012,Kyle Wilber
28383,2,LB,2012,Keenan Robinson
28052,3,LB,2012,James-Michael Johnson
28954,2,LB,2012,Ronnell Lewis
28265,1,LB,2012,Miles Burris
28363,1,LB,2012,Tahir Whitehead
28482,2,LB,2012,Najee Goode
28056,4,LB,2012,Brandon Marshall
28407,0,LB,2012,Tank Carder
27776,2,LB,2012,Korey Toomer
28163,2,LB,2012,Josh Kaddu
29001,3,LB,2012,Terrell Manning
28747,2,LB,2012,Darius Fleming
27883,2,LB,2012,Danny Trevathan
28382,4,LB,2012,Emmanuel Acho
27745,2,LB,2012,Aaron Brown
28107,3,LB,2012,Audie Cole
29071,3,LB,2012,Tim Fugger
29033,2,LB,2012,Caleb McSurdy
28770,4,LB,2012,Travis Lewis
28185,4,LB,2012,Nathan Stupar
30376,1,LB,2013,Dion Jordan
29247,3,LB,2013,Jarvis Jones
29252,2,LB,2013,Alec Ogletree
29240,3,LB,2013,Manti Te'o
30259,2,LB,2013,Kevin Minter
30381,1,LB,2013,Kiko Alonso
30000,1,LB,2013,Jonathan Bostic
29225,3,LB,2013,Jamie Collins
30379,0,LB,2013,Arthur Brown
29310,2,LB,2013,Sio Moore
29286,2,LB,2013,Zaviar Gooden
29207,1,LB,2013,Nico Johnson
29274,0,LB,2013,Jelani Jenkins
30163,2,LB,2013,Khaseem Greene
29296,0,LB,2013,Sean Porter
29220,1,LB,2013,Gerald Hodges
30382,4,LB,2013,Steven Means
30033,2,LB,2013,A.J. Klein
29957,2,LB,2013,Brandon Jenkins
30270,4,LB,2013,Nick Moody
30285,0,LB,2013,DeVonte Holloman
30229,2,LB,2013,Nathan Palmer
30190,2,LB,2013,Vince Williams
30189,4,LB,2013,Michael Mauti
30361,3,LB,2013,Ty Powell
29631,1,LB,2013,Samuel Barrington
29600,0,LB,2013,Steve Beauharnais
34108,1,LB,2014,Khalil Mack
33600,1,LB,2014,Anthony Barr
34117,1,LB,2014,Ryan Shazier
33605,3,LB,2014,C.J. Mosley
34859,4,LB,2014,Demarcus Lawrence
34127,0,LB,2014,Kyle Van Noy
34132,4,LB,2014,Trent Murphy
34149,3,LB,2014,Jeremiah Attaochu
34485,0,LB,2014,Chris Kirksey
33662,0,LB,2014,Preston Brown
34504,3,LB,2014,Anthony Hitchens
34828,3,LB,2014,Carl Bradford
34746,4,LB,2014,Khairi Fortt
34500,0,LB,2014,Kevin Pierre-Louis
33081,3,LB,2014,Prince Shembo
33088,3,LB,2014,Telvin Smith
34300,3,LB,2014,Avery Williamson
33666,4,LB,2014,Jeremiah George
33069,3,LB,2014,Lamin Barrow
34918,1,LB,2014,Marquis Spruill
34747,0,LB,2014,Ronald Powell
34487,4,LB,2014,Jordie Tripp
34836,4,LB,2014,Devon Kennard
33659,4,LB,2014,Jordan Zumwalt
34709,3,LB,2014,Andrew Jackson
34499,1,LB,2014,Marquis Flowers
34528,2,LB,2014,Randell Johnson
34486,0,LB,2014,Brandon Watts
33104,3,LB,2014,Trevor Reilly
34312,4,LB,2014,Will Smith
34502,2,LB,2014,Corey Nelson
46834,0,LB,2015,Vic Beasley
46833,0,LB,2015,Bud Dupree
46840,1,LB,2015,Shane Ray
46878,2,LB,2015,Shaq Thompson
46859,0,LB,2015,Stephone Anthony
46871,3,LB,2015,Benardrick McKinney
46851,3,LB,2015,Hau'Oli Kikaha
46838,3,LB,2015,Eric Kendricks
46850,1,LB,2015,Denzel Perryman
46876,3,LB,2015,Nate Orchard
46827,3,LB,2015,Randy Gregory
46843,1,LB,2015,Eli Harold
46926,1,LB,2015,Lorenzo Mauldin
46950,4,LB,2015,Jordan Hicks
46940,2,LB,2015,Ramik Wilson
46901,3,LB,2015,Kwon Alexander
47008,4,LB,2015,Damien Wilson
46946,2,LB,2015,Jake Ryan
47080,3,LB,2015,Ben Heeney
47069,1,LB,2015,Martrell Spaight
46924,2,LB,2015,Davis Tull
46929,4,LB,2015,Kyle Emanuel
47087,4,LB,2015,Neiron Ball
47214,2,LB,2015,David Mayo
47760,2,LB,2015,D.J. Alexander
47273,0,LB,2015,Deiontrez Mount
47489,0,LB,2015,Matt Wells
47134,0,LB,2015,Max Valles
47769,1,LB,2015,Tevin Mitchel
47120,3,LB,2015,Tony Steward
47055,2,LB,2015,Amarlo Herrera
47258,4,LB,2015,Reshard Cliett
46945,0,LB,2015,Hayes Pullard
47028,3,LB,2015,Bryce Hager
47148,1,LB,2015,Mark Nzeocha
49876,2,LB,2016,Leonard Floyd
49873,0,LB,2016,Darron Lee
49872,3,LB,2016,Jaylon Smith
49874,1,LB,2016,Myles Jack
49885,1,LB,2016,Noah Spence
49756,0,LB,2016,Reggie Ragland
50361,0,LB,2016,Kamalei Correa
49883,2,LB,2016,Deion Jones
49875,1,LB,2016,Jordan Jenkins
50301,3,LB,2016,Nick Vigil
49888,1,LB,2016,Kyler Fackrell
50365,1,LB,2016,Joe Schobert
49761,1,LB,2016,Joshua Perry
49763,3,LB,2016,B.J. Goodson
49759,0,LB,2016,Nick Kwiatkoski
49895,2,LB,2016,De'Vondre Campbell
49877,3,LB,2016,Antonio Morrison
49760,0,LB,2016,Blake Martinez
49775,3,LB,2016,Kentrell Brothers
49896,0,LB,2016,Antwione Williams
50372,3,LB,2016,Jatavis Brown
49903,4,LB,2016,Devante Bond
49781,2,LB,2016,Josh Forrest
49886,2,LB,2016,Cory James
49878,3,LB,2016,Dadi Lhomme Nicolas
50304,4,LB,2016,Elandon Roberts
50458,3,LB,2016,Aaron Wallace
50367,4,LB,2016,Stephen Weatherly
49793,2,LB,2016,Steven Daniels
49910,2,LB,2016,Trevor Bates
49769,1,LB,2016,Tyler Matakevich
49757,3,LB,2016,Scooby Wright III
49786,2,LB,2016,Joe Walker
49884,1,LB,2016,James Cowser
50371,4,LB,2016,Victor Ochi
49758,2,LB,2016,Jared Norris
50303,1,LB,2016,Steve Longa
50503,3,LB,2016,Terrance Smith
50302,0,LB,2016,Beniquez Brown
49879,0,LB,2016,Eric Striker
50368,3,LB,2016,Cassanova Mckinzy
50300,1,LB,2016,Dominique Alexander
49881,2,LB,2016,Curt Maggitt
49882,1,LB,2016,Kris Frost
49892,2,LB,2016,Cory Littleton
50369,3,LB,2016,Desmond Morgan
49776,2,LB,2016,Gionni Paul
49784,3,LB,2016,Raphael Kirby
50375,2,LB,2016,Montese Overton
51931,4,LB,2017,Haason Reddick
51992,3,LB,2017,Jarrad Davis
51991,0,LB,2017,Charles Harris
52093,3,LB,2017,T.J. Watt
51554,0,LB,2017,Reuben Foster
51643,0,LB,2017,Tyus Bowser
51557,0,LB,2017,Ryan Anderson
51621,2,LB,2017,Raekwon McMillan
51551,0,LB,2017,Zach Cunningham
51750,3,LB,2017,Duke Riley
51755,3,LB,2017,Alex Anzalone
51639,2,LB,2017,Tim Williams
51823,0,LB,2017,Derek Rivers
51644,3,LB,2017,Vince Biegel
51753,0,LB,2017,Ben Gedeon
51993,4,LB,2017,Jalen Reeves-Maybin
100102,4,LB,2017,Samson Ebukam
51936,1,LB,2017,Blair Brown
51990,1,LB,2017,Jayon Brown
52094,2,LB,2017,Anthony Walker Jr.
51645,3,LB,2017,Matt Milano
51890,2,LB,2017,Marquel Lee
51880,1,LB,2017,Ukeme Eligwe
51882,4,LB,2017,Jordan Evans
52003,1,LB,2017,Tanner Vallejo
51642,3,LB,2017,Josh Carraway
48753,2,LB,2017,Ejuan Price
51822,0,LB,2017,Carroll Phillips
52000,1,LB,2017,Tashawn Bower
51995,0,LB,2017,Bryan Cox
51751,1,LB,2017,Marcus Oliver
51623,2,LB,2017,Keith Kelsey
51625,1,LB,2017,Hardy Nickerson
51843,1,LB,2017,Jermaine Grace
51626,0,LB,2017,Harvey Langi
51820,2,LB,2017,Connor Harris
51622,3,LB,2017,Ben Boulware
51624,3,LB,2017,Riley Bullough
51768,1,LB,2017,Steven Taylor
51553,4,LB,2017,Brooks Ellis
51934,4,LB,2017,Kevin Davis
101520,0,LB,2018,Roquan Smith
101528,4,LB,2018,Tremaine Edmunds
101747,2,LB,2018,Leighton Vander Esch
101532,0,LB,2018,Rashaan Evans
101567,0,LB,2018,Darius Leonard
101510,0,LB,2018,Harold Landry
101590,4,LB,2018,Uchenna Nwosu
101540,0,LB,2018,Lorenzo Carter
101597,4,LB,2018,Fred Warner
101658,2,LB,2018,Jerome Baker
101530,2,LB,2018,Malik Jefferson
101594,0,LB,2018,Oren Burks
101804,3,LB,2018,Dorian O'Daniel
101569,3,LB,2018,Josey Jewell
101825,2,LB,2018,Joel Iyiegbuniwe
102393,0,LB,2018,Kenny Young
101622,0,LB,2018,Marquis Haynes
101691,2,LB,2018,Shaquem Griffin
101805,0,LB,2018,Ja'Whaun Bentley
101598,2,LB,2018,Micah Kiser
102392,3,LB,2018,Genard Avery
101551,4,LB,2018,Obo Okoronkwo
101806,3,LB,2018,Christian Sam
102492,1,LB,2018,Jake Martin
101981,4,LB,2018,Chris Covington
101606,0,LB,2018,Shaun Dion Hamilton
101596,3,LB,2018,Jack Cichy
101982,4,LB,2018,Peter Kalambayi
101535,4,LB,2018,Azeem Victor
101543,1,LB,2018,Keishawn Bierria
102412,4,LB,2018,Matthew Adams
102399,3,LB,2018,Quentin Poling
101824,2,LB,2018,Leon Jacobs
102499,3,LB,2018,Travin Howard
101765,1,LB,2018,Andre Smith
102418,2,LB,2018,Zaire Franklin
102496,3,LB,2018,Kendall Donnerson
101848,1,LB,2018,Jeff Holland
101726,4,LB,2018,Davin Bellamy
101723,0,LB,2018,Nick DeLuca
101560,3,LB,2018,Tegray Scales
101564,1,LB,2018,James Hearns
101610,2,LB,2018,Skai Moore
101595,0,LB,2018,Mike McCray
101798,4,LB,2018,Dewey Jarvis
101741,4,LB,2018,Garret Dooley
101592,0,LB,2018,Chris Worley
101744,3,LB,2018,Tre' Williams
101812,2,LB,2018,Myles Pierce
101814,1,LB,2018,Jason Cabinda
101609,3,LB,2018,Matthew Thomas
102491,0,LB,2018,Ja'Von Rolland-Jones
103507,3,LB,2019,Devin White
103524,0,LB,2019,Josh Allen
103522,0,LB,2019,Devin Bush
103525,0,LB,2019,Brian Burns
103751,0,LB,2019,Jahlani Tavai
103649,3,LB,2019,Ben Banogu
103724,3,LB,2019,Germaine Pratt
103947,0,LB,2019,Sione Takitaki
103798,0,LB,2019,Cody Barton
103615,0,LB,2019,Bobby Okereke
101657,0,LB,2019,Christian Miller
103729,3,LB,2019,Drue Tranquill
103707,3,LB,2019,Ben Burr-Kirven
103642,1,LB,2019,Ryan Connelly
103845,2,LB,2019,Vosean Joseph
103904,2,LB,2019,Dre Greenlaw
103703,0,LB,2019,Andrew Van Ginkel
103543,0,LB,2019,Mack Wilson
103803,1,LB,2019,Justin Hollins
104004,3,LB,2019,Blake Cashman
103691,1,LB,2019,Cameron Smith
104041,3,LB,2019,E.J. Speed
103549,4,LB,2019,D'Andre Walker
104043,4,LB,2019,Cole Holcomb
103905,2,LB,2019,Sutton Smith
103886,3,LB,2019,David Long Jr.
103640,4,LB,2019,Emeke Egbule
103784,2,LB,2019,Ulysees Gilbert III
103658,3,LB,2019,Deshaun Davis
103888,0,LB,2019,Darryl Johnson Jr.
104007,3,LB,2019,Ty Summers
104062,3,LB,2019,Kaden Elliss
103674,2,LB,2019,Te'Von Coney
103606,0,LB,2019,Terrill Hanks
103654,1,LB,2019,Terez Hall
103588,1,LB,2019,T.J. Edwards
103705,1,LB,2019,Chase Hansen
103998,1,LB,2019,Malik Carney
103852,0,LB,2019,Josiah Tauaefa
103629,2,LB,2019,Porter Gustin
103844,3,LB,2019,Tre Lamar
103555,1,LB,2019,Landis Durham
104002,2,LB,2019,Otaro Alaka
103661,3,LB,2019,Darrell Williams
103619,3,LB,2019,Cece Jefferson
104005,1,LB,2019,Tyrel Dodson
103933,1,LB,2019,Jamal Davis II
103807,4,LB,2019,Gary Johnson
103779,3,LB,2019,Breckyn Hager
103683,3,LB,2019,Joe Dineen Jr.
103695,4,LB,2019,Khalil Hodge
103657,4,LB,2019,Kendall Joseph
103648,2,LB,2019,Natrez Patrick
103767,4,LB,2019,Nate Hall
103744,0,LB,2019,E.J. Ejiya
104106,2,LB,2020,Isaiah Simmons
104427,1,LB,2020,K'Lavon Chaisson
104429,0,LB,2020,Kenneth Murray
104385,0,LB,2020,Jordyn Brooks
104432,2,LB,2020,Patrick Queen
104526,1,LB,2020,Willie Gay Jr.
104392,1,LB,2020,Logan Wilson
104109,1,LB,2020,Julian Okwara
104221,0,LB,2020,Zack Baun
104113,2,LB,2020,Terrell Lewis
104129,4,LB,2020,Anfernee Jennings
104216,1,LB,2020,Jonathan Greenard
104520,2,LB,2020,Jacob Phillips
104136,1,LB,2020,Malik Harrison
104659,1,LB,2020,Alex Highsmith
104381,2,LB,2020,Davion Taylor
104378,1,LB,2020,Akeem Davis-Gaither
104521,3,LB,2020,Mykal Walker
104237,1,LB,2020,Troy Dye
104187,1,LB,2020,Shaquille Quarterman
104678,3,LB,2020,Trevis Gipson
104488,4,LB,2020,Khaleke Hudson
104211,3,LB,2020,Kamal Martin
104504,3,LB,2020,Justin Strnad
104524,3,LB,2020,Cam Brown
104648,2,LB,2020,Shaun Bradley
104400,1,LB,2020,Evan Weaver
104688,4,LB,2020,Cassh Maluia
104692,0,LB,2020,Jordan Glasgow
104147,2,LB,2020,Markus Bailey
104405,2,LB,2020,Carter Coughlin
104702,3,LB,2020,Clay Johnston
104706,1,LB,2020,TJ Brunson
104515,0,LB,2020,Chapelle Russell
104546,3,LB,2020,Jordan Mack
104529,4,LB,2020,David Woodward
104190,1,LB,2020,Joe Bachie
104534,1,LB,2020,Michael Pinckney
104538,4,LB,2020,Dante Olson
104408,1,LB,2020,Francis Bernard
47150,0,LS,2015,Joe Cardona
49811,0,LS,2016,Jimmy Landes
51627,1,LS,2017,Colin Holba
101954,2,LS,2018,Hunter Bradley
104462,1,LS,2020,Blake Ferguson
28952,0,OG,2012,David DeCastro
28514,3,OG,2012,Kevin Zeitler
27796,1,OG,2012,Jeff Allen
28970,0,OG,2012,Kelechi Osemele
29034,3,OG,2012,Josh LeRibeus
29065,7,OG,2012,Tony Bergstrom
27607,4,OG,2012,Gino Gradkowski
28416,0,OG,2012,Joe Looney
28965,3,OG,2012,Adam Gettis
28192,9,OG,2012,Johnnie Troutman
28794,6,OG,2012,Rokevious Watkins
28432,5,OG,2012,Senio Kelemete
28953,9,OG,2012,Ryan Miller
29045,2,OG,2012,Mark Asper
29035,3,OG,2012,Andrew Tiller
29004,6,OG,2012,Brandon Washington
27709,9,OG,2012,Justin Anderson
29242,1,OG,2013,Jonathan Cooper
29233,8,OG,2013,Chance Warmack
30262,8,OG,2013,Kyle Long
29192,5,OG,2013,Larry Warford
30244,5,OG,2013,Brian Winters
30349,9,OG,2013,Dallas Thomas
29395,3,OG,2013,Hugh Thornton
29732,2,OG,2013,Edmund Kugbila
30017,1,OG,2013,Earl Watford
30263,7,OG,2013,J.C. Tretter
30375,0,OG,2013,Oday Aboushi
30265,5,OG,2013,William Campbell
29702,4,OG,2013,Jeff Baca
29211,9,OG,2013,Travis Bond
29538,1,OG,2013,Eric Herman
34736,9,OG,2014,Xavier Su'a-Filo
33667,7,OG,2014,Spencer Long
34112,3,OG,2014,Gabe Jackson
33630,4,OG,2014,Chris Watt
34810,4,OG,2014,Trai Turner
34402,2,OG,2014,Brandon Linder
34892,3,OG,2014,Brandon Thomas
34404,0,OG,2014,Kadeem Edwards
34125,6,OG,2014,David Yankey
33063,2,OG,2014,Cyril Richardson
33673,4,OG,2014,John Urschel
33683,9,OG,2014,Jon Halapio
33107,0,OG,2014,Zach Fulton
46862,7,OG,2015,Laken Tomlinson
46900,9,OG,2015,Mitch Morse
46909,8,OG,2015,Jeremiah Poutasi
46879,1,OG,2015,A.J. Cann
46979,4,OG,2015,John Miller
46889,1,OG,2015,Tre Jackson
46986,4,OG,2015,Arie Kouandjio
47003,1,OG,2015,Jamil Douglas
47045,6,OG,2015,Jon Feliciano
47034,1,OG,2015,Mark Glowinski
46933,8,OG,2015,Jarvis Harrison
46998,5,OG,2015,Robert Myers
47330,4,OG,2015,Ian Silberman
47300,1,OG,2015,Cody Wichmann
47016,2,OG,2015,Trent Brown
49829,2,OG,2016,Joshua Garnett
49833,2,OG,2016,Cody Whitehair
50341,5,OG,2016,Joe Thuney
49840,1,OG,2016,Rees Odhiambo
50479,5,OG,2016,Parker Ehinger
50337,6,OG,2016,Willie Beavers
50507,4,OG,2016,Evan Boehm
49837,0,OG,2016,Connor Mcgovern
49836,6,OG,2016,Joe Dahl
49832,0,OG,2016,Christian Westerman
49830,8,OG,2016,Sebastian Tretola
49869,2,OG,2016,Wes Schweitzer
50343,7,OG,2016,Donavon Clark
49831,2,OG,2016,Vadal Alexander
50339,3,OG,2016,Landon Turner
50347,8,OG,2016,Darrell Greene
50335,6,OG,2016,Denver Kirkland
49842,3,OG,2016,Joe Cheek
50334,1,OG,2016,Alex Redmond
50483,5,OG,2016,Dominick Jackson
51767,7,OG,2017,Forrest Lamp
51839,5,OG,2017,Dion Dawkins
51633,5,OG,2017,Dan Feeney
51636,3,OG,2017,Dorian Johnson
51761,0,OG,2017,Nico Siragusa
51759,3,OG,2017,David Sharpe
51762,6,OG,2017,Isaac Asiata
51764,9,OG,2017,Danny Isidora
51989,6,OG,2017,Adam Bisnowaty
51938,9,OG,2017,Corey Levin
51758,2,OG,2017,Damien Mama
51964,7,OG,2017,Ben Braden
51953,2,OG,2017,Cameron Lee
51637,4,OG,2017,Greg Pyke
51638,1,OG,2017,Kyle Kalis
51634,6,OG,2017,Caleb Peterson
51842,0,OG,2017,Adam Pankey
101518,1,OG,2018,Quenton Nelson
101729,9,OG,2018,Isaiah Wynn
101581,0,OG,2018,Austin Corbett
101728,3,OG,2018,Will Hernandez
101554,4,OG,2018,Braden Smith
101513,3,OG,2018,Connor Williams
101732,0,OG,2018,Wyatt Teller
101793,0,OG,2018,Sam Jones
101810,3,OG,2018,Colby Gossett
101563,0,OG,2018,Will Clapp
101724,1,OG,2018,Sean Welsh
101613,1,OG,2018,Jeromy Irwin
101774,9,OG,2018,Maea Teuhema
101786,9,OG,2018,Brendan Mahon
101858,7,OG,2018,Jaryd Jones-Smith
101738,6,OG,2018,KC McDermott
101750,3,OG,2018,Taylor Hearn
101731,4,OG,2018,Cody O'Connell
101967,5,OG,2018,K.J. Malone
103621,0,OG,2019,Chris Lindstrom
103565,5,OG,2019,Michael Deiter
103730,7,OG,2019,Nate Davis
103857,4,OG,2019,Connor McGovern
103617,9,OG,2019,Dru Samia
103622,0,OG,2019,Hjalte Froholdt
103736,8,OG,2019,Ben Powers
103797,4,OG,2019,Phil Haynes
104040,7,OG,2019,Wes Martin
103853,0,OG,2019,Michael Jordan
103597,4,OG,2019,Ross Pierschbacher
103635,8,OG,2019,Derwin Gray
104057,4,OG,2019,George Asafo-Adjei
103542,9,OG,2019,Nate Herbig
103575,0,OG,2019,Beau Benzschawel
103802,9,OG,2019,B.J. Autry
103788,7,OG,2019,Brandon Knight
104000,0,OG,2019,Deion Calhoun
103571,0,OG,2019,Alex Bars
103792,2,OG,2019,Tyler Jones
103675,5,OG,2019,Fred Johnson
103711,4,OG,2019,Garrett Brumfield
103925,1,OG,2019,Martez Ivey
103647,0,OG,2019,Lester Cotton Sr.
104401,5,OG,2020,Robert Hunt
104517,4,OG,2020,Damien Lewis
104492,8,OG,2020,Jonah Jackson
104209,6,OG,2020,John Simpson
104500,1,OG,2020,Solomon Kindley
104207,6,OG,2020,Logan Stenberg
104649,9,OG,2020,Kevin Dotson
104191,3,OG,2020,Ben Bredeson
104490,8,OG,2020,Jack Driscoll
104655,8,OG,2020,Danny Pinter
104246,7,OG,2020,Shane Lemieux
104484,6,OG,2020,Netane Muti
104684,7,OG,2020,Michael Onwenu
22608,0,OG,2020,Jon Runyan
104698,8,OG,2020,Lachavious Simmons
104151,8,OG,2020,Tyler Higby
104372,6,OG,2020,Gage Cervenka
104153,3,OG,2020,Steven Gonzalez
104663,9,OG,2020,Parker Braun
28826,0,OT,2012,Matt Kalil
27818,4,OT,2012,Riley Reiff
27497,4,OT,2012,Mitchell Schwartz
29046,2,OT,2012,Cordy Glenn
28326,0,OT,2012,Jonathan Martin
28759,2,OT,2012,Mike Adams
28774,4,OT,2012,Donald Stephenson
28848,3,OT,2012,Lamar Holmes
29005,3,OT,2012,Bobby Massie
28568,0,OT,2012,Brandon Mosley
27672,1,OT,2012,Zebrie Sanders
28227,1,OT,2012,Dennis Kelly
28798,3,OT,2012,Tom Compton
28228,3,OT,2012,Nick Mondek
27449,3,OT,2012,Matt Mccants
28043,3,OT,2012,Marcel Jones
29334,1,OT,2013,Eric Fisher
29963,0,OT,2013,Luke Joeckel
30253,4,OT,2013,Lane Johnson
30232,0,OT,2013,D.J. Fluker
29241,5,OT,2013,Justin Pugh
30314,2,OT,2013,Menelik Watson
29249,4,OT,2013,Brennan Williams
30269,2,OT,2013,David Bakhtiari
29283,1,OT,2013,Tanner Hawkinson
29436,0,OT,2013,Jordan Mills
29195,4,OT,2013,Ricky Wagner
29746,5,OT,2013,Vinston Painter
30026,3,OT,2013,David Quessenberry
34748,1,OT,2014,Greg Robinson
33601,5,OT,2014,Jake Matthews
33612,5,OT,2014,Taylor Lewan
34107,1,OT,2014,Zack Martin
33101,1,OT,2014,Ja'Wuan James
33655,1,OT,2014,Joel Bitonio
33603,5,OT,2014,Cyrus Kouandjio
33628,2,OT,2014,Jack Mewhort
33684,0,OT,2014,Justin Britt
33071,4,OT,2014,Morgan Moses
34601,1,OT,2014,Billy Turner
34586,0,OT,2014,Michael Schofield
34589,0,OT,2014,Dakota Dozier
34631,1,OT,2014,Kevin Pamphile
34599,3,OT,2014,Garrett Scott
34638,3,OT,2014,Tavon Rooks
34884,4,OT,2014,Mitchell Van Dyk
33633,1,OT,2014,Seantrel Henderson
46815,0,OT,2015,Brandon Scherff
46822,1,OT,2015,Ereck Flowers
46820,0,OT,2015,Andrus Peat
46844,2,OT,2015,Cedric Ogbuehi
46841,4,OT,2015,D.J. Humphries
46856,0,OT,2015,Donovan Smith
46848,3,OT,2015,Jake Fisher
46911,1,OT,2015,Robert Havenstein
46899,2,OT,2015,Ty Sambrailo
47001,3,OT,2015,Jamon Brown
46942,4,OT,2015,Chaz Green
46897,3,OT,2015,Daryl Williams
46845,1,OT,2015,T.J. Clemmings
46967,4,OT,2015,Andrew Donnal
47118,3,OT,2015,Terry Poole
47130,0,OT,2015,Tayo Fabuluje
46927,4,OT,2015,Tyrus Thompson
48176,4,OT,2015,Anthony Morris
47299,1,OT,2015,Jake Rodgers
47075,4,OT,2015,Bobby Hart
47025,0,OT,2015,Austin Shepherd
46921,1,OT,2015,Corey Robinson
47040,0,OT,2015,Laurence Gibson
49919,3,OT,2016,Ronnie Stanley
49920,1,OT,2016,Jack Conklin
49918,3,OT,2016,Laremy Tunsil
49921,5,OT,2016,Taylor Decker
49923,1,OT,2016,Jason Spriggs
50464,3,OT,2016,Le'Raven Clark
50393,5,OT,2016,Jerald Hawkins
49934,2,OT,2016,Alex Lewis
49927,3,OT,2016,John Theus
50394,3,OT,2016,Caleb Benenoch
49928,4,OT,2016,Joe Haeg
49929,3,OT,2016,Brandon Shell
49935,1,OT,2016,Halapoulivaati Vaitai
49925,1,OT,2016,Spencer Drango
49926,3,OT,2016,Cole Toner
50401,0,OT,2016,Fahn Cooper
49922,5,OT,2016,Kyle Murphy
50398,0,OT,2016,Davante Harris
50395,1,OT,2016,Avery Young
49930,2,OT,2016,Tyler Johnstone
49933,0,OT,2016,Stephane Nembot
50406,4,OT,2016,Pearce Slater
51774,5,OT,2017,Garett Bolles
51701,3,OT,2017,Ryan Ramczyk
51562,2,OT,2017,Cam Robinson
51760,4,OT,2017,Taylor Moton
52043,2,OT,2017,Antonio Garcia
51773,4,OT,2017,Julien Davenport
51652,3,OT,2017,Zach Banner
51999,5,OT,2017,Will Holden
51703,1,OT,2017,Jermaine Eluemunor
51647,4,OT,2017,Roderick Johnson
51998,2,OT,2017,Sam Tevi
51824,2,OT,2017,Justin Senior
51653,3,OT,2017,Conor McDermott
101415,2,OT,2017,Kofi Amichia
100083,5,OT,2017,Jylan Ware
100160,0,OT,2017,Brad Seaton
51937,0,OT,2017,Aviante Collins
52045,2,OT,2017,Jessamen Dunker
51649,0,OT,2017,Chad Wheeler
51965,0,OT,2017,Collin Buchanan
51704,5,OT,2017,Avery Gennesy
51939,4,OT,2017,Jerry Ugokwe
51560,0,OT,2017,Dan Skipper
51947,2,OT,2017,Javarius Leamon
51958,5,OT,2017,Erik Austell
101516,3,OT,2018,Mike McGlinchey
101788,4,OT,2018,Kolton Miller
101769,2,OT,2018,Brian O'Neill
101586,0,OT,2018,Brandon Parker
101837,3,OT,2018,Geron Christian
101523,5,OT,2018,Orlando Brown
101813,5,OT,2018,Joe Noteboom
101534,5,OT,2018,Chukwuma Okorafor
101733,5,OT,2018,Alex Cappa
101996,2,OT,2018,Rick Leonard
101846,0,OT,2018,Will Richardson
101737,0,OT,2018,Cole Madison
101537,0,OT,2018,Tyrell Crosby
101715,5,OT,2018,Jamarco Jones
101827,4,OT,2018,Jamil Demby
101844,2,OT,2018,Matt Pryor
101826,0,OT,2018,Greg Senat
101713,2,OT,2018,Desmond Harrison
101792,2,OT,2018,Toby Weathersby
101604,5,OT,2018,Timon Parris
101763,3,OT,2018,Nick Gates
101995,5,OT,2018,David Bright
101632,0,OT,2018,Dejon Allen
101641,0,OT,2018,Christian DiLauro
101818,5,OT,2018,Brett Toth
103513,0,OT,2019,Jonah Williams
103569,0,OT,2019,Andre Dillard
103749,2,OT,2019,Tytus Howard
103566,5,OT,2019,Kaleb McGary
103515,5,OT,2019,Jawaan Taylor
103511,0,OT,2019,Greg Little
103713,4,OT,2019,Cody Ford
103680,5,OT,2019,Dalton Risner
103611,4,OT,2019,Max Scharping
104038,3,OT,2019,Trey Pipkins
103785,4,OT,2019,Chuma Edoga
103861,0,OT,2019,Bobby Evans
103747,2,OT,2019,Yodny Cajuste
103556,2,OT,2019,David Edwards
104044,0,OT,2019,Justin Skule
104047,1,OT,2019,Drew Forbes
103771,0,OT,2019,Olisaemeka Udoh
103558,5,OT,2019,Isaiah Prince
103630,5,OT,2019,Dennis Daley
103669,4,OT,2019,Jackson Barton
103664,3,OT,2019,Mitch Hyatt
103874,0,OT,2019,Ryan Bates
103616,5,OT,2019,Paul Adams
103871,5,OT,2019,Andre James
103760,3,OT,2019,Chidi Okeke
103765,0,OT,2019,Yosuah Nijman
103810,4,OT,2019,Ryan Pope
104112,1,OT,2020,Andrew Thomas
104425,0,OT,2020,Jedrick Wills Jr.
104126,3,OT,2020,Mekhi Becton
104122,4,OT,2020,Tristan Wirfs
104433,5,OT,2020,Austin Jackson
104436,4,OT,2020,Isaiah Wilson
104442,1,OT,2020,Ezra Cleveland
104396,4,OT,2020,Josh Jones
104105,0,OT,2020,Lucas Niang
104383,0,OT,2020,Matt Peart
104653,5,OT,2020,Tyre Phillips
104477,4,OT,2020,Saahdiq Charles
104409,4,OT,2020,Ben Bartch
104645,1,OT,2020,Charlie Heck
104547,0,OT,2020,Cameron Clark
104145,0,OT,2020,Colton McKivitz
104390,2,OT,2020,Hakeem Adeniji
104660,1,OT,2020,Justin Herron
104687,4,OT,2020,Blake Brandel
104193,2,OT,2020,Simon Stepaniak
104123,2,OT,2020,Prince Tega Wanogho
104697,1,OT,2020,Arlington Hambright
104125,3,OT,2020,Trey Adams
104379,5,OT,2020,Terence Steele
104399,5,OT,2020,Alex Taylor
104244,3,OT,2020,Calvin Throckmorton
28945,5,P,2012,Bryan Anger
28524,3,P,2012,Brad Nortman
30041,2,P,2013,Jeff Locke
30378,4,P,2013,Sam Martin
33143,4,P,2014,Pat O'Donnell
47149,3,P,2015,Bradley Pinion
49968,1,P,2016,Drew Kaser
49970,0,P,2016,Riley Dixon
49969,0,P,2016,Will Monday
51962,3,P,2017,Cameron Johnston
52049,0,P,2017,Justin Vogel
51777,3,P,2017,Toby Baker
101843,5,P,2018,Michael Dickson
101853,5,P,2018,JK Scott
101855,2,P,2018,Johnny Townsend
102746,4,P,2018,Logan Cooke
103685,5,P,2019,Mitch Wishnowsky
103812,0,P,2019,Jake Bailey
104386,5,P,2020,Braden Mann
104410,1,P,2020,Joseph Charlton
29020,2,PK,2012,Randy Bullock
27706,0,PK,2012,Blair Walsh
29307,5,PK,2013,Caleb Sturgis
30194,1,PK,2013,Dustin Hopkins
34824,5,PK,2014,Zach Hocker
50410,3,PK,2016,Roberto Aguayo
49957,4,PK,2016,Brad Craddock
49962,2,PK,2016,Jaden Oberkrom
51775,4,PK,2017,Jake Elliott
51776,4,PK,2017,Zane Gonzalez
51972,7,PK,2017,Harrison Butker
51951,4,PK,2017,Conrad Ukropina
101745,1,PK,2018,Daniel Carlson
102573,7,PK,2018,Jason Sanders
103811,6,PK,2019,Matt Gay
104042,2,PK,2019,Austin Seibert
104680,5,PK,2020,Justin Rohrwasser
104402,7,PK,2020,Tyler Bass
28325,1,QB,2012,Andrew Luck
28956,2,QB,2012,Robert Griffin III
28393,0,QB,2012,Ryan Tannehill
28779,3,QB,2012,Brandon Weeden
29000,0,QB,2012,Brock Osweiler
28525,0,QB,2012,Russell Wilson
27468,2,QB,2012,Nick Foles
28010,2,QB,2012,Kirk Cousins
28260,2,QB,2012,Ryan Lindley
30224,1,QB,2013,EJ Manuel
29965,1,QB,2013,Geno Smith
29224,2,QB,2013,Mike Glennon
29232,3,QB,2013,Matt Barkley
29300,1,QB,2013,Ryan Nassib
29967,1,QB,2013,Tyler Wilson
29956,1,QB,2013,Landry Jones
29288,2,QB,2013,Brad Sorensen
29975,0,QB,2013,Zac Dysert
29634,1,QB,2013,B.J. Daniels
34717,2,QB,2014,Blake Bortles
33057,2,QB,2014,Johnny Manziel
33598,3,QB,2014,Teddy Bridgewater
32176,1,QB,2014,Derek Carr
33695,2,QB,2014,Jimmy Garoppolo
33064,0,QB,2014,Logan Thomas
33173,2,QB,2014,Tom Savage
34147,2,QB,2014,Aaron Murray
34118,2,QB,2014,AJ McCarron
33654,1,QB,2014,Zach Mettenberger
34154,2,QB,2014,David Fales
33171,1,QB,2014,Keith Wenning
34121,2,QB,2014,Tajh Boyd
34780,2,QB,2014,Garrett Gilbert
46810,0,QB,2015,Jameis Winston
46814,2,QB,2015,Marcus Mariota
46930,1,QB,2015,Garrett Grayson
46917,3,QB,2015,Sean Mannion
46890,0,QB,2015,Bryce Petty
46951,2,QB,2015,Brett Hundley
49986,2,QB,2016,Jared Goff
49988,2,QB,2016,Carson Wentz
49985,1,QB,2016,Paxton Lynch
49989,1,QB,2016,Christian Hackenberg
49990,1,QB,2016,Jacoby Brissett
49991,1,QB,2016,Cody Kessler
49987,0,QB,2016,Connor Cook
49992,3,QB,2016,Dak Prescott
49998,0,QB,2016,Kevin Hogan
50000,1,QB,2016,Nate Sudfeld
50003,2,QB,2016,Jake Rudock
50001,2,QB,2016,Brandon Allen
49999,3,QB,2016,Jeff Driskel
50002,0,QB,2016,Brandon Doughty
50004,3,QB,2016,Josh Woodrum
50517,0,QB,2016,Vernon Adams Jr.
49996,2,QB,2016,Mike Bercovici
51705,1,QB,2017,Mitchell Trubisky
52092,0,QB,2017,Patrick Mahomes
51563,2,QB,2017,Deshaun Watson
51681,0,QB,2017,DeShone Kizer
51680,3,QB,2017,Davis Webb
51564,0,QB,2017,C.J. Beathard
51565,3,QB,2017,Joshua Dobbs
51779,1,QB,2017,Nathan Peterman
51567,3,QB,2017,Brad Kaaya
52048,2,QB,2017,Alek Torgersen
51569,2,QB,2017,Mitch Leidner
101525,3,QB,2018,Baker Mayfield
101504,0,QB,2018,Sam Darnold
101505,1,QB,2018,Josh Allen
101506,1,QB,2018,Josh Rosen
101568,3,QB,2018,Lamar Jackson
101545,0,QB,2018,Mason Rudolph
101735,1,QB,2018,Kyle Lauletta
101717,1,QB,2018,Mike White
101541,1,QB,2018,Luke Falk
101764,3,QB,2018,Tanner Lee
102020,1,QB,2018,Danny Etling
102585,2,QB,2018,Alex Mcgough
101859,1,QB,2018,Logan Woodside
101828,1,QB,2018,Kyle Allen
101829,3,QB,2018,Chase Litton
101616,2,QB,2018,Kurt Benkert
101591,1,QB,2018,Riley Ferguson
101864,0,QB,2018,Austin Allen
103832,2,QB,2019,Kyler Murray
103572,1,QB,2019,Daniel Jones
103560,3,QB,2019,Dwayne Haskins
103589,2,QB,2019,Drew Lock
103539,1,QB,2019,Will Grier
103552,1,QB,2019,Ryan Finley
103564,2,QB,2019,Jarrett Stidham
103813,0,QB,2019,Easton Stick
103610,3,QB,2019,Clayton Thorson
103586,1,QB,2019,Gardner Minshew
103637,2,QB,2019,Trace McSorley
103883,1,QB,2019,Tyree Jackson
103701,3,QB,2019,Brett Rypien
104204,2,QB,2020,Joe Burrow
104093,3,QB,2020,Tua Tagovailoa
104099,2,QB,2020,Justin Herbert
104199,2,QB,2020,Jordan Love
104214,1,QB,2020,Jalen Hurts
104196,0,QB,2020,Jacob Eason
104646,2,QB,2020,James Morgan
104128,3,QB,2020,Jake Fromm
104628,3,QB,2020,Jake Luton
104459,3,QB,2020,Cole McDonald
104701,0,QB,2020,Ben DiNucci
104707,3,QB,2020,Tommy Stevens
104154,3,QB,2020,Nate Stanley
104229,2,QB,2020,Steven Montez
104143,0,QB,2020,Brian Lewerke
104549,2,QB,2020,Shea Patterson
27427,2,RB,2012,Trent Richardson
28603,0,RB,2012,Doug Martin
28963,5,RB,2012,David Wilson
27542,5,RB,2012,Isaiah Pead
28787,2,RB,2012,LaMichael James
29010,0,RB,2012,Ronnie Hillman
28971,2,RB,2012,Bernard Pierce
28962,5,RB,2012,Lamar Miller
28990,3,RB,2012,Robert Turbin
27661,5,RB,2012,Chris Rainey
28711,2,RB,2012,Vick Ballard
27668,3,RB,2012,Alfred Morris
28394,2,RB,2012,Cyrus Gray
28761,5,RB,2012,Dan Herron
28998,4,RB,2012,Terrance Ganaway
29058,1,RB,2012,Michael Smith
29021,0,RB,2012,Bryce Brown
30234,0,RB,2013,Giovani Bernard
30218,0,RB,2013,Le'veon Bell
29208,5,RB,2013,Montee Ball
30178,6,RB,2013,Eddie Lacy
29273,6,RB,2013,Christine Michael
29971,3,RB,2013,Knile Davis
29292,3,RB,2013,Johnathan Franklin
29245,2,RB,2013,Marcus Lattimore
29221,4,RB,2013,Stepfan Taylor
29299,3,RB,2013,Joseph Randle
30236,4,RB,2013,Chris Thompson
29740,5,RB,2013,Zachary Stacy
29358,1,RB,2013,Mike Gillislee
29699,5,RB,2013,Latavius Murray
30186,3,RB,2013,Kenjon Barner
29259,3,RB,2013,Andre Ellington
29464,2,RB,2013,Mike James
29262,1,RB,2013,Rex Burkhead
29985,0,RB,2013,Spencer Ware
30196,6,RB,2013,Theo Riddick
30267,0,RB,2013,Jawan Jamison
29724,5,RB,2013,Kerwynn Williams
34710,6,RB,2014,Bishop Sankey
34772,6,RB,2014,Jeremy Hill
33638,1,RB,2014,Carlos Hyde
33634,1,RB,2014,Charles Sims
34767,1,RB,2014,Tre Mason
34785,6,RB,2014,Terrance West
34727,5,RB,2014,Jerick McKinnon
33624,2,RB,2014,Dri Archer
34811,2,RB,2014,Devonta Freeman
33246,2,RB,2014,Andre Williams
34104,4,RB,2014,Ka'Deem Carey
33615,1,RB,2014,De'Anthony Thomas
34153,2,RB,2014,James White
34774,4,RB,2014,Lorenzo Taliaferro
33222,6,RB,2014,Alfred Blue
34124,0,RB,2014,Lache Seastrunk
34150,0,RB,2014,Marion Grice
31997,3,RB,2014,Tyler Gaffney
34738,2,RB,2014,Storm Johnson
46817,5,RB,2015,Todd Gurley
46826,6,RB,2015,Melvin Gordon
46873,1,RB,2015,T.J. Yeldon
46853,1,RB,2015,Ameer Abdullah
46875,2,RB,2015,Tevin Coleman
46905,6,RB,2015,David Johnson
46944,2,RB,2015,Matt Jones
46906,2,RB,2015,Jeremy Langford
46928,0,RB,2015,Mike Davis
46953,5,RB,2015,David Cobb
46891,4,RB,2015,Jay Ajayi
47014,5,RB,2015,Karlos Williams
46983,4,RB,2015,Cameron Artis-Payne
47049,6,RB,2015,Josh Robinson
47059,1,RB,2015,Marcus Murphy
47142,1,RB,2015,Kenny Hilliard
50025,4,RB,2016,Ezekiel Elliott
50026,6,RB,2016,Derrick Henry
50038,2,RB,2016,Kenyan Drake
50030,5,RB,2016,C.J. Prosise
50035,4,RB,2016,Tyler Ervin
50027,6,RB,2016,Kenneth Dixon
50029,1,RB,2016,Devontae Booker
50057,1,RB,2016,Deandre Washington
50421,6,RB,2016,Paul Perkins
50420,0,RB,2016,Jordan Howard
50424,0,RB,2016,Wendell Smallwood
50043,1,RB,2016,Jonathan Williams
50419,4,RB,2016,Alex Collins
50422,3,RB,2016,Kelvin Taylor
50426,3,RB,2016,Darius Jackson
50425,4,RB,2016,Dwayne Washington
50033,3,RB,2016,Daniel Lasco
50427,3,RB,2016,Keith Marshall
50429,1,RB,2016,Zac Brooks
50031,0,RB,2016,Josh Ferguson
50041,3,RB,2016,Brandon Wilds
50037,2,RB,2016,Devon Johnson
50039,6,RB,2016,Aaron Green
50048,5,RB,2016,Marshaun Coprich
50045,0,RB,2016,Tra Carson
50059,4,RB,2016,Jhurell Pressley
50428,5,RB,2016,Peyton Barber
50036,4,RB,2016,Tre Madden
51572,1,RB,2017,Leonard Fournette
51575,6,RB,2017,Christian McCaffrey
51658,1,RB,2017,Dalvin Cook
51784,4,RB,2017,Joe Mixon
51783,2,RB,2017,Alvin Kamara
51662,3,RB,2017,Kareem Hunt
51716,1,RB,2017,D'Onta Foreman
51661,2,RB,2017,James Conner
51659,0,RB,2017,Samaje Perine
51906,2,RB,2017,Tarik Cohen
51901,4,RB,2017,Joe Williams
52088,0,RB,2017,Donnel Pumphrey
51333,4,RB,2017,Jamaal Williams
51660,2,RB,2017,Wayne Gallman
51792,4,RB,2017,Marlon Mack
51785,5,RB,2017,Brian Hill
51786,5,RB,2017,Jeremy McNichols
52091,6,RB,2017,T.J. Logan
51788,0,RB,2017,Aaron Jones
51905,1,RB,2017,Elijah McGuire
51908,1,RB,2017,De'Angelo Henderson
52068,3,RB,2017,Devante Mays
52056,0,RB,2017,Khalfrani Muhammad
51787,4,RB,2017,Elijah Hood
51904,5,RB,2017,Christopher Carson
49205,1,RB,2017,Corey Clement
51844,4,RB,2017,Dare Ogunbowale
51663,2,RB,2017,De'Veon Smith
51940,3,RB,2017,Jahad Thomas
51789,2,RB,2017,Devine Redding
51944,1,RB,2017,Rushel Shell
52096,3,RB,2017,Stanley Williams
101507,3,RB,2018,Saquon Barkley
101710,1,RB,2018,Rashaad Penny
101712,6,RB,2018,Sony Michel
101549,2,RB,2018,Nick Chubb
101527,1,RB,2018,Ronald Jones II
101522,3,RB,2018,Kerryon Johnson
101514,3,RB,2018,Derrius Guice
101573,0,RB,2018,Royce Freeman
101790,6,RB,2018,Nyheim Hines
101600,2,RB,2018,Mark Walton
101775,2,RB,2018,Ito Smith
101583,5,RB,2018,Kalen Ballage
102744,0,RB,2018,Chase Edmonds
102030,2,RB,2018,Jordan Wilkins
101777,0,RB,2018,John Kelly
102192,3,RB,2018,Boston Scott
102047,5,RB,2018,Trenton Cannon
102050,5,RB,2018,David Williams
101539,0,RB,2018,Bo Scarbrough
101557,5,RB,2018,Akrum Wadley
101849,5,RB,2018,Josh Adams
101589,3,RB,2018,Demario Richard
101768,5,RB,2018,Ryan Nall
101830,3,RB,2018,Darrel Williams
101867,0,RB,2018,Kyle Hicks
103839,4,RB,2019,Josh Jacobs
103596,6,RB,2019,Miles Sanders
103841,4,RB,2019,Darrell Henderson
103573,5,RB,2019,David Montgomery
103678,4,RB,2019,Devin Singletary
103533,0,RB,2019,Damien Harris
103672,6,RB,2019,Alexander Mattison
103544,6,RB,2019,Bryce Love
103679,2,RB,2019,Justice Hill
103644,2,RB,2019,Benny Snell Jr.
103878,1,RB,2019,Tony Pollard
103753,0,RB,2019,Ryquell Armstead
103652,3,RB,2019,Qadree Ollison
103876,5,RB,2019,Jordan Scarlett
103855,6,RB,2019,Trayveon Williams
103690,5,RB,2019,Ty Johnson
103641,0,RB,2019,Dexter Williams
103666,5,RB,2019,Travis Homer
103590,4,RB,2019,Rodney Anderson
103889,6,RB,2019,Darwin Thompson
103854,1,RB,2019,Mike Weber
104054,2,RB,2019,Cullen Gillaspia
103885,2,RB,2019,Kerrith Whyte Jr.
103633,3,RB,2019,Myles Gaskin
103866,2,RB,2019,Elijah Holyfield
103618,1,RB,2019,Karan Higdon
103740,2,RB,2019,Jalin Moore
103755,0,RB,2019,LJ Scott
103775,6,RB,2019,Alex Barnes
103917,5,RB,2019,James Williams
102222,3,RB,2019,Wes Hills
103682,3,RB,2019,Jacques Patrick
103761,4,RB,2019,Nick Brossette
104430,2,RB,2020,Clyde Edwards-Helaire
104118,1,RB,2020,D'Andre Swift
104139,3,RB,2020,Jonathan Taylor
104135,2,RB,2020,Cam Akers
104134,6,RB,2020,J.K. Dobbins
104155,0,RB,2020,AJ Dillon
104144,6,RB,2020,Ke'Shawn Vaughn
104222,0,RB,2020,Zack Moss
104463,1,RB,2020,Darrynton Evans
104536,6,RB,2020,Joshua Kelley
104226,2,RB,2020,La'Mical Perine
104443,1,RB,2020,Anthony McFarland Jr.
104487,6,RB,2020,DeeJay Dallas
104682,3,RB,2020,Jason Huntley
104448,2,RB,2020,Eno Benjamin
104508,3,RB,2020,Raymond Calais
104494,4,RB,2020,James Robinson
104447,1,RB,2020,Salvon Ahmed
104498,5,RB,2020,Patrick Taylor Jr.
104453,0,RB,2020,Javon Leake
104465,4,RB,2020,J.J. Taylor
104450,5,RB,2020,Tony Jones Jr.
104230,0,RB,2020,JaMycal Hasty
104525,5,RB,2020,Rico Dowdle
104403,3,RB,2020,Darius Anderson
27429,5,S,2012,Mark Barron
28160,3,S,2012,Harrison Smith
27792,6,S,2012,Tavon Wilson
27923,4,S,2012,Brandon Taylor
29059,3,S,2012,Brandon Hardin
28797,4,S,2012,Christian Thompson
27945,3,S,2012,Jerron Mcmillian
29044,4,S,2012,Robert Blanton
28255,5,S,2012,Corey White
28605,2,S,2012,George Iloka
29027,2,S,2012,Justin Bethel
28674,6,S,2012,Trent Robinson
27882,3,S,2012,Winston Guy
28418,6,S,2012,Josh Bush
28778,0,S,2012,Markelle Martin
28713,0,S,2012,Charles Mitchell
29183,2,S,2012,Nate Ebner
27493,5,S,2012,D.J. Campbell
29251,0,S,2013,Kenny Vaccaro
29202,2,S,2013,Eric Reid
30222,3,S,2013,Matt Elam
29352,2,S,2013,Johnathan Cyprien
29217,0,S,2013,D.J. Swearinger
29258,3,S,2013,T.J. McDonald
30249,4,S,2013,J. J. Wilcox
29255,6,S,2013,Shawn Williams
29598,0,S,2013,Duron Harmon
30024,5,S,2013,Duke Williams
29647,5,S,2013,Shamarko Thomas
30248,1,S,2013,Phillip Thomas
30248,1,S,2013,Phillip Thomas
30248,5,S,2013,Phillip Thomas
30248,5,S,2013,Phillip Thomas
29517,0,S,2013,Earl Wolff
30134,3,S,2013,Jonathan Meeks
29593,2,S,2013,Cooper Taylor
29354,0,S,2013,Joshua Evans
30011,3,S,2013,Jamoris Slaughter
30176,0,S,2013,Bacarri Rambo
29988,6,S,2013,John Boyett
34749,2,S,2014,Calvin Pryor
33619,3,S,2014,Ha Ha Clinton-Dix
33974,0,S,2014,Deone Bucannon
33978,3,S,2014,Jimmie Ward
33647,0,S,2014,Dez Southward
33097,4,S,2014,Terrence Brooks
34833,1,S,2014,Maurice Alexander
33095,6,S,2014,Tre Boston
33987,1,S,2014,Brock Vereen
33689,3,S,2014,Nat Berhe
33079,6,S,2014,Ed Reynolds
34796,6,S,2014,Vinnie Sunseri
33973,3,S,2014,Jemea Thomas
34044,5,S,2014,Eric Pinkins
33674,3,S,2014,C.B. Bryant
46847,0,S,2015,Damarious Randall
46842,6,S,2015,Landon Collins
46908,3,S,2015,Jaquiski Tartt
47012,2,S,2015,Jordan Richards
46904,4,S,2015,James Sample
46936,3,S,2015,Clayton Geathers
46955,1,S,2015,Ibraheim Campbell
46980,5,S,2015,Josh Shaw
46934,2,S,2015,Adrian Amos
47334,4,S,2015,Mykkele Thompson
47249,5,S,2015,Ced Thompson
47116,4,S,2015,Kyshoen Jarrett
46920,1,S,2015,Derron Smith
46943,4,S,2015,Gerod Holliman
47481,4,S,2015,Akeem King
49597,3,S,2016,Karl Joseph
49589,5,S,2016,Keanu Neal
49586,3,S,2016,Su'a Cravens
50477,3,S,2016,T.J. Green
50278,2,S,2016,Sean Davis
50270,6,S,2016,Vonn Bell
49609,5,S,2016,Kevin Byard
49591,4,S,2016,Darian Thompson
49617,6,S,2016,Justin Simmons
49593,3,S,2016,Miles Killebrew
49596,6,S,2016,Deon Bush
49616,6,S,2016,Derrick Kindred
50496,1,S,2016,KJ Dillon
50277,0,S,2016,Deandre Houston-Carson
49602,2,S,2016,Jordan Lucas
50468,2,S,2016,Kavon Frazier
49626,6,S,2016,Will Parks
49592,6,S,2016,Jalen Mills
50271,2,S,2016,Jayron Kearse
49600,4,S,2016,Clayton Fejedelem
49590,5,S,2016,Jeremy Cash
50272,2,S,2016,Tyvis Powell
49595,1,S,2016,Trae Elston
49594,0,S,2016,Elijah Shumate
49599,5,S,2016,Jordan Simone
49598,0,S,2016,Jordan Lomax
50279,5,S,2016,Tevin Carter
52106,3,S,2017,Jamal Adams
52108,0,S,2017,Malik Hooker
51604,5,S,2017,Jabrill Peppers
52098,3,S,2017,Budda Baker
51546,4,S,2017,Marcus Maye
52113,1,S,2017,Marcus Williams
51605,0,S,2017,Justin Evans
52100,3,S,2017,Obi Melifonwu
52111,2,S,2017,Josh Jones
51734,1,S,2017,John Johnson
51694,4,S,2017,Delano Hill
51868,3,S,2017,Tedric Thompson
51545,6,S,2017,Eddie Jackson
51735,4,S,2017,Rayshawn Jenkins
51740,3,S,2017,Montae Nicholson
51949,2,S,2017,Chuck Clark
51874,5,S,2017,Mike Tyson
51866,0,S,2017,Xavier Woods
52044,0,S,2017,Rudy Ford
101406,0,S,2017,Leon McQuay III
51967,3,S,2017,Shalom Luani
101390,0,S,2017,Adrian Colbert
51607,6,S,2017,Josh Harvey-Clemons
51833,3,S,2017,Lorenzo Jerome
51832,1,S,2017,Jadar Johnson
48816,3,S,2017,Damarius Travis
51608,0,S,2017,Ahmad Thomas
52101,5,S,2017,Jamal Carter
52103,1,S,2017,Demetrious Cox
52102,4,S,2017,Dymonte Thomas
52104,0,S,2017,Orion Stewart
52105,0,S,2017,Jordan Sterns
51872,2,S,2017,David Jones
101660,3,S,2018,Minkah Fitzpatrick
101661,0,S,2018,Derwin James
101847,0,S,2018,Terrell Edmunds
101836,5,S,2018,Jessie Bates III
101835,6,S,2018,Justin Reid
101689,3,S,2018,Tracy Walker
101664,5,S,2018,Ronnie Harrison
101916,3,S,2018,Tarvarius Moore
101851,1,S,2018,Troy Apke
101681,2,S,2018,Jordan Whitehead
101678,3,S,2018,Kyzir White
101671,6,S,2018,Armani Watts
101673,1,S,2018,Tre Flowers
101683,5,S,2018,Marcus Allen
101894,1,S,2018,Natrell Jamerson
101720,5,S,2018,Marcell Harris
101779,3,S,2018,DeShon Elliott
102683,0,S,2018,Foyesade Oluokun
101771,5,S,2018,Kameron Kelly
101670,5,S,2018,Godwin Igwebuike
101909,4,S,2018,Stephen Roberts
101684,5,S,2018,Quin Blanding
101694,1,S,2018,Trayvon Henderson
101718,1,S,2018,Jeremy Reaves
101856,1,S,2018,Damon Webb
101686,6,S,2018,Sean Chandler
101746,0,S,2018,Tray Matthews
101674,2,S,2018,Cole Reyes
102602,1,S,2018,Kyle Queiro
103927,5,S,2019,Darnell Savage Jr.
103531,5,S,2019,Johnathan Abram
103650,4,S,2019,Marquise Blair
103728,0,S,2019,Nasir Adderley
103541,3,S,2019,Taylor Rapp
103727,6,S,2019,Juan Thornhill
103738,2,S,2019,Will Harris
104039,4,S,2019,Quincy Williams
103739,4,S,2019,Mike Edwards
103550,6,S,2019,Chauncey Gardner-Johnson
103748,4,S,2019,Khari Willis
103850,4,S,2019,Amani Hooker
103742,3,S,2019,Sheldrick Redwine
103999,4,S,2019,Ugochukwu Amadi
103517,2,S,2019,Deionte Thompson
103548,3,S,2019,Marvell Tell III
103662,5,S,2019,Saquan Hampton
103568,1,S,2019,Jaquan Johnson
104048,0,S,2019,Marcus Epps
102700,1,S,2019,Donovan Wilson
104061,5,S,2019,Nick Scott
103777,3,S,2019,Evan Worthington
103559,6,S,2019,Lukas Denis
103997,0,S,2019,Andrew Wingard
103655,3,S,2019,Jonathan Crawford
103759,4,S,2019,Darius West
104001,2,S,2019,Zedrick Woods
103659,2,S,2019,D'Cota Dixon
103605,5,S,2019,JoJo McIntosh
103795,5,S,2019,Cameron Glenn
103851,5,S,2019,Mike Bell
103704,5,S,2019,Kiy Hester
103670,6,S,2019,Brandon Snyder
104198,4,S,2020,Xavier McKinney
104220,5,S,2020,Kyle Dugger
104095,2,S,2020,Grant Delpit
104481,6,S,2020,Antoine Winfield Jr.
104397,5,S,2020,Jeremy Chinn
104200,0,S,2020,Ashtyn Davis
21496,1,S,2020,Brandon Jones
104407,6,S,2020,Julian Blackmon
104510,3,S,2020,Tanner Muse
104406,5,S,2020,Terrell Burgess
104374,0,S,2020,K'Von Wallace
104677,6,S,2020,Jaylinn Hawkins
104656,1,S,2020,L'Jarius Sneed
104651,2,S,2020,Kenny Robinson
104679,5,S,2020,Daniel Thomas
104552,5,S,2020,Alohi Gilman
104170,1,S,2020,Antoine Brooks Jr.
104178,6,S,2020,Jordan Fuller
104146,4,S,2020,Josh Metellus
104694,0,S,2020,Kamren Curl
104483,2,S,2020,Geno Stone
104704,4,S,2020,Vernon Scott
104708,6,S,2020,Chris Jackson
104157,4,S,2020,Shyheim Carter
104169,2,S,2020,Jalen Elliott
104241,3,S,2020,Nigel Warrior
104398,5,S,2020,Jared Mayden
104149,0,S,2020,David Dowell
28327,0,TE,2012,Coby Fleener
28958,3,TE,2012,Dwayne Allen
28721,1,TE,2012,Michael Egnew
27935,0,TE,2012,Ladarius Green
29061,0,TE,2012,Evan Rodriguez
28959,0,TE,2012,Orson Charles
27549,1,TE,2012,Adrien Robinson
28284,0,TE,2012,Taylor Thompson
28775,2,TE,2012,James Hanna
29260,1,TE,2013,Tyler Eifert
29190,3,TE,2013,Zach Ertz
30242,3,TE,2013,Gavin Escobar
29592,0,TE,2013,Vance McDonald
30133,2,TE,2013,Travis Kelce
30284,1,TE,2013,Jordan Reed
29194,2,TE,2013,Dion Sims
29201,3,TE,2013,Levine Toilolo
29591,2,TE,2013,Luke Willson
30144,3,TE,2013,Nick Kasa
29665,3,TE,2013,Mychal Rivera
29306,0,TE,2013,Ryan Griffin
29219,3,TE,2013,Michael Williams
29323,3,TE,2013,D.C. Jefferson
30188,3,TE,2013,Chris Gragg
33617,3,TE,2014,Eric Ebron
33614,0,TE,2014,Austin Seferian-Jenkins
34729,3,TE,2014,Jace Amaro
34771,3,TE,2014,Troy Niklas
33637,0,TE,2014,C.J. Fiedorowicz
34766,3,TE,2014,Richard Rodgers
33349,2,TE,2014,Crockett Gillmore
33348,1,TE,2014,Arthur Lynch
33350,1,TE,2014,Ted Bolser
33680,3,TE,2014,Rob Blanchflower
46858,0,TE,2015,Maxx Williams
46872,3,TE,2015,Clive Walford
46885,2,TE,2015,Tyler Kroft
46913,2,TE,2015,Jeff Heuerman
47000,3,TE,2015,Blake Bell
46938,1,TE,2015,MyCole Pruitt
47234,3,TE,2015,C.J. Uzomah
47046,1,TE,2015,Jesse James
46992,3,TE,2015,Nick Boyle
47081,0,TE,2015,James O'Shaughnessy
46952,1,TE,2015,Nick O'Leary
47674,2,TE,2015,Malcolm Johnson
47041,2,TE,2015,Randall Telfer
47072,1,TE,2015,AJ Derby
47331,1,TE,2015,Kennard Backman
46987,3,TE,2015,Ben Koyack
47286,3,TE,2015,Geoff Swaim
50097,0,TE,2016,Hunter Henry
50098,1,TE,2016,Austin Hooper
50100,3,TE,2016,Nick Vannett
50113,2,TE,2016,Tyler Higbee
50123,0,TE,2016,Temarrick Hemingway
50105,2,TE,2016,Jerell Adams
50459,2,TE,2016,David Morgan
50433,1,TE,2016,Beau Sandland
50434,1,TE,2016,Benjamin Braunecker
50099,0,TE,2016,Bryce Williams
50103,1,TE,2016,Jake Mcgee
50527,2,TE,2016,Henry Krieger-Coble
50109,3,TE,2016,Ryan Malleck
50431,2,TE,2016,David Grinnage
51578,2,TE,2017,O.J. Howard
51667,0,TE,2017,Evan Engram
51793,0,TE,2017,David Njoku
51669,1,TE,2017,Gerald Everett
51828,3,TE,2017,Jonnu Smith
51795,3,TE,2017,Michael Roberts
51664,2,TE,2017,Jake Butt
51917,3,TE,2017,George Kittle
51665,2,TE,2017,Jordan Leggett
51577,1,TE,2017,Jeremy Sprinkle
51847,3,TE,2017,Eric Saubert
51666,1,TE,2017,Bucky Hodges
51708,2,TE,2017,Cole Hikutini
51932,1,TE,2017,Scott Orndoff
51848,0,TE,2017,Billy Brown
51963,0,TE,2017,Cethan Carter
101258,3,TE,2017,Jason Croom
51670,1,TE,2017,Blake Jarwin
51919,1,TE,2017,Darrell Daniels
51668,3,TE,2017,Pharaoh Brown
101570,1,TE,2018,Hayden Hurst
101558,3,TE,2018,Mike Gesicki
101538,3,TE,2018,Dallas Goedert
101572,1,TE,2018,Mark Andrews
101789,3,TE,2018,Jordan Akins
101623,0,TE,2018,Ian Thomas
101642,1,TE,2018,Chris Herndon
102052,2,TE,2018,Will Dissly
101617,1,TE,2018,Durham Smythe
101649,1,TE,2018,Dalton Schultz
101578,0,TE,2018,Troy Fumagalli
101614,1,TE,2018,Tyler Conklin
101819,1,TE,2018,Jordan Thomas
101576,1,TE,2018,Ryan Izzo
102051,3,TE,2018,David Wells
101629,1,TE,2018,Brandon Lingen
101634,2,TE,2018,Marcus Baugh
101637,1,TE,2018,Deandre Goolsby
102236,3,TE,2018,Nick Keizer
103545,2,TE,2019,T.J. Hockenson
103528,1,TE,2019,Noah Fant
103530,1,TE,2019,Irv Smith Jr.
103756,3,TE,2019,Drew Sample
103783,1,TE,2019,Josh Oliver
103848,1,TE,2019,Jace Sternberger
103892,3,TE,2019,Kahale Warring
103725,1,TE,2019,Dawson Knox
103793,0,TE,2019,Trevon Wesco
103700,1,TE,2019,Foster Moreau
103768,1,TE,2019,Zach Gentry
103660,0,TE,2019,Kaden Smith
103867,1,TE,2019,Isaac Nauta
103698,2,TE,2019,Alize Mack
103772,2,TE,2019,Dax Raymond
104008,0,TE,2019,Keenen Brown
103676,0,TE,2019,Kendall Blanton
103791,1,TE,2019,Daniel Helm
104431,2,TE,2020,Cole Kmet
104461,1,TE,2020,Devin Asiasi
104674,0,TE,2020,Josiah Deguara
104623,3,TE,2020,Dalton Keene
104395,1,TE,2020,Adam Trautman
104161,2,TE,2020,Harrison Bryant
104131,1,TE,2020,Albert Okwuegbunam
104445,3,TE,2020,Colby Parkinson
104175,3,TE,2020,Brycen Hopkins
104686,3,TE,2020,Charlie Woerner
104689,2,TE,2020,Tyler Davis
104438,2,TE,2020,Hunter Bryant
104114,1,TE,2020,Jared Pinkney
104482,2,TE,2020,Thaddeus Moss
104387,2,TE,2020,Charlie Taumoepeau
104189,3,TE,2020,Mitchell Wilcox
104243,0,TE,2020,Dominick Wood-Anderson
104245,1,TE,2020,Jacob Breeland
28776,7,WR,2012,Justin Blackmon
28158,6,WR,2012,Michael Floyd
28585,7,WR,2012,Kendall Wright
29003,0,WR,2012,A.J. Jenkins
27462,7,WR,2012,Brian Quick
29011,0,WR,2012,Stephen Hill
28294,0,WR,2012,Alshon Jeffery
28769,8,WR,2012,Ryan Broyles
28986,8,WR,2012,Rueben Randle
28760,0,WR,2012,DeVier Posey
28999,4,WR,2012,T.J. Graham
28243,1,WR,2012,Mohamed Sanu
29036,5,WR,2012,T.Y. Hilton
27999,3,WR,2012,Chris Givens
27984,5,WR,2012,Travis Benjamin
28546,1,WR,2012,Joe Adams
27690,5,WR,2012,Devon Wylie
28547,7,WR,2012,Jarius Wright
28673,3,WR,2012,Keshawn Martin
28513,6,WR,2012,Nick Toon
27488,3,WR,2012,Greg Childs
28943,6,WR,2012,Danny Coale
27491,2,WR,2012,Marvin Jones
27467,0,WR,2012,Juron Criner
29043,6,WR,2012,B.J. Cunningham
27821,6,WR,2012,Marvin McNutt
28973,1,WR,2012,Tommy Streeter
28753,2,WR,2012,LaVon Brazill
28062,3,WR,2012,Rishard Matthews
29168,5,WR,2012,Toney Clemons
28149,7,WR,2012,Jeremy Ebert
28003,2,WR,2012,Junior Hemingway
29974,6,WR,2013,Tavon Austin
30261,5,WR,2013,DeAndre Hopkins
30260,5,WR,2013,Cordarrelle Patterson
29238,5,WR,2013,Justin Hunter
29964,1,WR,2013,Robert Woods
29968,2,WR,2013,Aaron Dobson
29277,7,WR,2013,Terrance Williams
29250,4,WR,2013,Keenan Allen
29305,1,WR,2013,Marquise Goodwin
29269,8,WR,2013,Markus Wheaton
30171,5,WR,2013,Stedman Bailey
30367,7,WR,2013,Ace Sanders
29977,7,WR,2013,Josh Boyce
30014,0,WR,2013,Chris Harper
30207,5,WR,2013,Quinton Patton
29990,3,WR,2013,Denard Robinson
29261,3,WR,2013,Kenny Stills
30160,5,WR,2013,Tavarres King
29750,8,WR,2013,Corey Fuller
30198,2,WR,2013,Ryan Swope
29576,2,WR,2013,Justin Brown
30371,6,WR,2013,Alan Bonner
30168,3,WR,2013,Cobi Hamilton
29614,8,WR,2013,Brice Butler
29456,6,WR,2013,Kevin Dorsey
29253,7,WR,2013,Marquess Wilson
29188,2,WR,2013,Aaron Mellette
33609,2,WR,2014,Sammy Watkins
34120,8,WR,2014,Mike Evans
33072,8,WR,2014,Odell Beckham Jr.
34722,6,WR,2014,Brandin Cooks
34718,1,WR,2014,Kelvin Benjamin
33604,6,WR,2014,Marqise Lee
34123,2,WR,2014,Jordan Matthews
34721,4,WR,2014,Paul Richardson
34753,7,WR,2014,Davante Adams
34758,2,WR,2014,Cody Latimer
34759,7,WR,2014,Allen Robinson
34757,6,WR,2014,Jarvis Landry
33679,7,WR,2014,Josh Huff
34115,5,WR,2014,Donte Moncrief
33445,3,WR,2014,John Brown
33635,2,WR,2014,Jalen Saunders
34755,4,WR,2014,Bruce Ellington
34140,7,WR,2014,Shaq Evans
34754,0,WR,2014,Martavis Bryant
33694,3,WR,2014,Kevin Norwood
33428,2,WR,2014,Ryan Grant
33640,6,WR,2014,Devin Street
34134,0,WR,2014,Jared Abbrederis
33070,8,WR,2014,Robert Herron
34707,3,WR,2014,TJ Jones
33417,2,WR,2014,Matt Hazel
33452,3,WR,2014,Walt Powell
33434,0,WR,2014,Quincy Enunwa
33641,7,WR,2014,Michael Campanaro
33656,5,WR,2014,Jeff Janis
35159,5,WR,2014,James Wright
33414,0,WR,2014,Tevin Reese
33433,2,WR,2014,Jeremy Gallon
46812,7,WR,2015,Amari Cooper
46816,6,WR,2015,Kevin White
46818,8,WR,2015,DeVante Parker
46832,8,WR,2015,Nelson Agholor
46829,5,WR,2015,Breshad Perriman
46836,0,WR,2015,Phillip Dorsett
46837,2,WR,2015,Devin Smith
46868,4,WR,2015,Dorial Green-Beckham
46849,3,WR,2015,Devin Funchess
46861,5,WR,2015,Tyler Lockett
46839,2,WR,2015,Jaelen Strong
46937,0,WR,2015,Chris Conley
46916,7,WR,2015,Ty Montgomery
46932,6,WR,2015,Jamison Crowder
46887,7,WR,2015,Justin Hardy
46960,8,WR,2015,Vince Mayle
46990,6,WR,2015,DeAndre Smelter
46882,4,WR,2015,Rashad Greene
46918,3,WR,2015,Stefon Diggs
47022,3,WR,2015,Tony Lippett
47100,8,WR,2015,J.J. Nelson
46914,5,WR,2015,Kenny Bell
47438,3,WR,2015,Keith Mumphery
47128,5,WR,2015,Kaelin Clay
47009,5,WR,2015,Geremy Davis
47424,4,WR,2015,Evan Spencer
47119,3,WR,2015,Bud Sasser
46965,6,WR,2015,Darren Waller
47510,8,WR,2015,Neal Sterling
47531,2,WR,2015,Andre Debose
47037,5,WR,2015,Da'Ron Brown
46956,6,WR,2015,Dez Lewis
47015,2,WR,2015,Mario Alford
46922,4,WR,2015,Tre McBride
50135,0,WR,2016,Corey Coleman
50132,5,WR,2016,Will Fuller
50131,1,WR,2016,Josh Doctson
50129,0,WR,2016,Laquon Treadwell
50143,3,WR,2016,Sterling Shepard
50539,0,WR,2016,Michael Thomas
50133,7,WR,2016,Tyler Boyd
50146,8,WR,2016,Braxton Miller
50149,8,WR,2016,Leonte Carroo
50140,7,WR,2016,Chris Moore
50163,7,WR,2016,Malcolm Mitchell
50176,5,WR,2016,Ricardo Louis
50138,8,WR,2016,Pharoh Cooper
50445,8,WR,2016,Demarcus Robinson
50158,0,WR,2016,Tajae Sharpe
50136,4,WR,2016,Jordan Payton
50448,2,WR,2016,Trevor Davis
50463,5,WR,2016,Tyreek Hill
50139,0,WR,2016,Rashard Higgins
50460,6,WR,2016,Keenan Reynolds
50486,2,WR,2016,Jakeem Grant
50154,2,WR,2016,Kolby Listenbee
50159,0,WR,2016,Cody Core
50130,8,WR,2016,Michael Thomas
50441,6,WR,2016,Aaron Burbridge
50453,2,WR,2016,Devin Lucien
50440,8,WR,2016,Demarcus Ayers
50447,5,WR,2016,Daniel Braverman
50443,1,WR,2016,Thomas Duarte
50189,4,WR,2016,Devin Fuller
50165,2,WR,2016,Charone Peake
50437,5,WR,2016,Kenny Lawler
50152,3,WR,2016,Devon Cajuste
50147,5,WR,2016,Chris Brown
50137,6,WR,2016,Cayleb Jones
50160,8,WR,2016,Rashawn Scott
50148,5,WR,2016,Marquez North
50150,0,WR,2016,Keyarris Garrett
50144,2,WR,2016,Byron Marshall
50142,1,WR,2016,Hunter Sharp
50442,5,WR,2016,Bralon Addison
50481,0,WR,2016,D.J. Foster
50162,7,WR,2016,Paul McRoberts
50446,1,WR,2016,Roger Lewis
50438,6,WR,2016,Jalin Marshall
50182,0,WR,2016,Jay Lee
50172,6,WR,2016,Stephen Anderson
50141,1,WR,2016,Mekale Mckay
50194,4,WR,2016,Bryce Treggs
50185,8,WR,2016,Geronimo Allison
50439,6,WR,2016,De'Runnya Wilson
50451,4,WR,2016,K J Maye
50449,5,WR,2016,Trae Boykin
50179,5,WR,2016,Alonzo Russell
50201,7,WR,2016,Johnny Holton
51674,0,WR,2017,Corey Davis
51583,4,WR,2017,Mike Williams
51811,3,WR,2017,John Ross
51683,1,WR,2017,Zay Jones
51813,6,WR,2017,Curtis Samuel
51581,5,WR,2017,JuJu Smith-Schuster
51682,2,WR,2017,Cooper Kupp
51710,1,WR,2017,Taywan Taylor
101496,2,WR,2017,ArDarius Stewart
51815,4,WR,2017,Carlos Henderson
51796,7,WR,2017,Chris Godwin
51987,5,WR,2017,Kenny Golladay
52077,6,WR,2017,Chad Williams
51814,8,WR,2017,Dede Westbrook
51587,3,WR,2017,Josh Reynolds
51671,8,WR,2017,Mack Hollins
51799,3,WR,2017,Josh Malone
51712,5,WR,2017,Ryan Switzer
51584,1,WR,2017,Jehu Chesson
51803,7,WR,2017,Chad Hansen
51849,8,WR,2017,Shelton Gibson
51945,1,WR,2017,Rodney Adams
51802,0,WR,2017,Isaiah McKenzie
52072,3,WR,2017,Deangelo Yancey
51804,8,WR,2017,Trent Taylor
51988,0,WR,2017,Robert Davis
49372,2,WR,2017,Stacy Coley
52081,3,WR,2017,David Moore
51709,2,WR,2017,Isaiah Ford
51798,0,WR,2017,Noah Brown
51582,1,WR,2017,Malachi Dupre
51673,6,WR,2017,KD Cannon
51807,3,WR,2017,Amba Etta-Tawo
51713,2,WR,2017,Bug Howard
51579,3,WR,2017,Fred Ross
49304,0,WR,2017,Travin Dural
51801,4,WR,2017,Speedy Noil
51986,0,WR,2017,Zach Pascal
51926,2,WR,2017,Michael Rector
51809,0,WR,2017,Jerome Lane
51711,0,WR,2017,James Quick
51800,2,WR,2017,Damore'ea Stringfellow
51805,1,WR,2017,Jamari Staples
51672,5,WR,2017,Travis Rudolph
51850,3,WR,2017,Quincy Adeboyejo
101498,7,WR,2017,Artavis Scott
51797,4,WR,2017,Aris Scott
51580,5,WR,2017,Ricky Seals-Jones
51852,7,WR,2017,Keevan Lucas
51675,2,WR,2017,Gabe Marks
51486,4,WR,2017,Keon Hatcher
51950,8,WR,2017,Noel Thomas
51984,0,WR,2017,Kermit Whitfield
51985,3,WR,2017,Drew Morgan
51928,1,WR,2017,Jalen Robinette
101759,2,WR,2018,D.J. Moore
101515,2,WR,2018,Calvin Ridley
101521,1,WR,2018,Courtland Sutton
101565,1,WR,2018,Dante Pettis
101517,2,WR,2018,Christian Kirk
101607,5,WR,2018,Anthony Miller
101552,0,WR,2018,James Washington
101544,2,WR,2018,D.J. Chark
101615,8,WR,2018,Michael Gallup
101794,6,WR,2018,Tre'Quan Smith
101780,2,WR,2018,Keke Coutee
101561,5,WR,2018,Antonio Callaway
101832,4,WR,2018,DaeSean Hamilton
101636,0,WR,2018,Jaleel Scott
101571,5,WR,2018,J'Mon Moore
101807,8,WR,2018,Justin Watson
101796,1,WR,2018,Daurice Fountain
101839,1,WR,2018,Jordan Lasley
101850,4,WR,2018,Marquez Valdes-Scantling
102341,4,WR,2018,Damion Ratley
101579,5,WR,2018,Deon Cain
101800,1,WR,2018,Ray-Ray McCloud
101635,5,WR,2018,Dylan Cantrell
102094,8,WR,2018,Russell Gage
101808,0,WR,2018,Equanimeous St. Brown
101833,5,WR,2018,Cedrick Wilson
101761,2,WR,2018,Braxton Berrios
101734,2,WR,2018,Javon Wims
101587,0,WR,2018,Marcell Ateman
101762,5,WR,2018,Richie James
101584,1,WR,2018,Allen Lazard
101755,2,WR,2018,Simmie Cobbs
101648,5,WR,2018,Deontay Burnett
101602,1,WR,2018,Jester Weah
102067,2,WR,2018,Davon Grayson
101625,1,WR,2018,Jake Wieneke
101757,4,WR,2018,Byron Pringle
102072,4,WR,2018,Jeff Badet
101624,7,WR,2018,Darren Carrington
101645,7,WR,2018,Quadree Henderson
102066,1,WR,2018,Cam Phillips
103527,7,WR,2019,Marquise Brown
103534,3,WR,2019,N'Keal Harry
103567,5,WR,2019,Deebo Samuel
103532,2,WR,2019,A.J. Brown
103860,4,WR,2019,Mecole Hardman
103574,6,WR,2019,JJ Arcega-Whiteside
103553,1,WR,2019,Parris Campbell
103715,5,WR,2019,Andy Isabella
103557,2,WR,2019,DK Metcalf
103915,7,WR,2019,Diontae Johnson
103716,5,WR,2019,Jalen Hurd
103800,5,WR,2019,Terry McLaurin
103864,5,WR,2019,Miles Boykin
103546,6,WR,2019,Hakeem Butler
103686,0,WR,2019,Gary Jennings Jr.
103858,4,WR,2019,Riley Ridley
103624,5,WR,2019,Hunter Renfrow
103862,6,WR,2019,Darius Slayton
103717,5,WR,2019,Keesean Johnson
103903,4,WR,2019,Travis Fulgham
104046,3,WR,2019,Juwann Winfree
104050,0,WR,2019,Marcus Green
103580,6,WR,2019,Kelvin Harmon
104052,5,WR,2019,Scott Miller
103882,3,WR,2019,John Ursua
103594,5,WR,2019,Terry Godwin
103887,8,WR,2019,Dillon Mitchell
103599,0,WR,2019,Emanuel Hall
103757,5,WR,2019,Penny Hart
103893,7,WR,2019,Preston Williams
103562,2,WR,2019,Anthony Johnson
103880,4,WR,2019,Antoine Wesley
103741,3,WR,2019,Jaylen Smith
103581,0,WR,2019,Nyqwan Murray
103737,8,WR,2019,Jakobi Meyers
103865,2,WR,2019,Greg Dortch
103732,1,WR,2019,Felton Davis III
103762,4,WR,2019,Alex Wesley
103638,8,WR,2019,David Sills V
103693,8,WR,2019,Tyre Brady
103859,0,WR,2019,Lil'Jordan Humphrey
103773,6,WR,2019,Keelan Doss
103877,0,WR,2019,Johnnie Dixon
103916,2,WR,2019,Damarkus Lodge
103603,0,WR,2019,Stanley Morgan Jr.
102266,8,WR,2019,Cody Thompson
103780,8,WR,2019,Ryan Davis
103890,4,WR,2019,Tyron Johnson
103872,0,WR,2019,Anthony Ratliff-Williams
104103,1,WR,2020,Henry Ruggs III
104094,7,WR,2020,Jerry Jeudy
104100,1,WR,2020,CeeDee Lamb
104117,8,WR,2020,Jalen Reagor
104360,4,WR,2020,Justin Jefferson
104224,3,WR,2020,Brandon Aiyuk
104116,2,WR,2020,Tee Higgins
104217,5,WR,2020,Michael Pittman Jr.
104108,5,WR,2020,Laviska Shenault Jr.
104361,2,WR,2020,KJ Hamler
104180,2,WR,2020,Chase Claypool
104391,7,WR,2020,Van Jefferson
104228,7,WR,2020,Denzel Mims
104491,3,WR,2020,Antonio Gibson
104441,4,WR,2020,Lynn Bowden Jr.
20394,7,WR,2020,Bryan Edwards
104227,7,WR,2020,Devin Duvernay
104457,0,WR,2020,Gabriel Davis
104394,8,WR,2020,Antonio Gandy-Golden
104373,2,WR,2020,Joe Reed
104174,4,WR,2020,Tyler Johnson
104137,5,WR,2020,Collin Johnson
104480,4,WR,2020,Quintez Cephus
104652,6,WR,2020,John Hightower
104647,4,WR,2020,Isaiah Coulter
104683,0,WR,2020,Darnell Mooney
104551,5,WR,2020,K.J. Osborn
104140,6,WR,2020,Donovan Peoples-Jones
104449,5,WR,2020,Quez Watkins
104495,1,WR,2020,James Proche
104439,1,WR,2020,Isaiah Hodgins
104239,1,WR,2020,Dezmon Patmon
104693,8,WR,2020,Freddie Swain
104248,1,WR,2020,Jauan Jennings
104166,5,WR,2020,K.J. Hill
104709,7,WR,2020,Malcolm Perry
104176,6,WR,2020,Kalija Lipscomb
104478,0,WR,2020,Austin Mack
104202,0,WR,2020,Quartney Davis
104489,5,WR,2020,Binjimen Victor
104242,2,WR,2020,Juwan Johnson
104499,6,WR,2020,Aaron Fuller
104458,2,WR,2020,Jeff Thomas
