,Player Name,Pick,Position,Team,Draft Year,Season,Pos,Ht,Wt,40yd,Bench,Broad Jump,Shuttle,3Cone,Vertical
0,Philip Blake,108,OL,DEN,2012,2012,C,75,311,5.17,22,105,4.65,7.86,29.5
1,Zebrie Sanders,144,OL,BUF,2012,2012,OT,78,320,5.33,28,100,4.99,8.15,27.0
2,Nick Mondek,195,OL,HOU,2012,0,0,0,0,0,0,0,0,0,0
3,Jason Slowey,199,OL,SFO,2012,0,0,0,0,0,0,0,0,0,0
4,Robert Griffin,203,OL,NYJ,2012,0,0,0,0,0,0,0,0,0,0
5,Justin Anderson,208,OL,IND,2012,2012,OT,76,335,5.24,32,101,4.99,8.04,27.0
6,Marcel Jones,234,OL,NOR,2012,2012,OT,78,320,5.57,13,95,5.12,8.03,27.5
7,Andrew Datko,241,OL,GNB,2012,2012,OT,78,315,5.19,,100,4.54,7.71,29.5
8,Brennan Williams,89,OL,HOU,2013,2013,OT,78,318,5.27,,,,,
9,Edmund Kugbila,108,OL,CAR,2013,2013,OG,76,317,5.13,23,105,4.65,7.72,22.5
10,David Quessenberry,176,OL,HOU,2013,2013,OT,77,302,5.08,25,112,4.45,7.49,29.5
11,William Campbell,178,OL,NYJ,2013,0,0,0,0,0,0,0,0,0,0
12,Eric Herman,225,OL,NYG,2013,2013,OG,76,320,5.25,36,95,5.09,7.99,28.0
13,Reid Fragel,240,OL,CIN,2013,2013,OT,80,308,5.14,33,113,4.68,7.62,30.0
14,Carter Bykowski,246,OL,SFO,2013,0,0,0,0,0,0,0,0,0,0
15,Weston Richburg,43,OL,NYG,2014,2014,C,75,298,5.10,25,106,4.63,7.93,25.5
16,Morgan Moses,66,OL,WAS,2014,2014,OT,78,314,5.35,,106,4.95,7.93,21.5
17,Trai Turner,92,OL,CAR,2014,2014,OG,75,310,4.93,25,,,,27.5
18,Brandon Linder,93,OL,JAX,2014,2014,OG,78,311,5.35,30,100,,,26.5
19,Michael Schofield,95,OL,DEN,2014,2014,OT,78,301,5.01,,93,4.57,7.62,24.0
20,Brandon Thomas,100,OL,SFO,2014,2014,OG,75,317,5.09,35,98,4.83,8.13,29.0
21,Dakota Dozier,137,OL,NYJ,2014,2014,OG,76,313,5.42,23,101,4.89,8.14,24.0
22,Kadeem Edwards,143,OL,TAM,2014,2014,OG,76,313,5.25,26,99,4.82,7.95,27.0
23,David Yankey,145,OL,MIN,2014,2014,OG,78,315,5.48,22,103,4.86,7.81,28.5
24,Wesley Johnson,173,OL,PIT,2014,2014,C,77,297,5.11,26,111,4.64,7.40,29.0
25,Jon Halapio,179,OL,NWE,2014,2014,OG,75,323,5.34,,100,4.83,8.26,21.5
26,Garrett Scott,199,OL,SEA,2014,0,0,0,0,0,0,0,0,0,0
27,Laurent Duvernay-Tardif,200,OL,KAN,2014,0,0,0,0,0,0,0,0,0,0
28,Tavon Rooks,202,OL,NOR,2014,0,0,0,0,0,0,0,0,0,0
29,Matt Paradis,207,OL,DEN,2014,2014,C,75,306,5.34,23,103,4.46,7.60,26.0
30,Mitchell Van Dyk,226,OL,STL,2014,0,0,0,0,0,0,0,0,0,0
31,Ulrick John,232,OL,IND,2014,0,0,0,0,0,0,0,0,0,0
32,Seantrel Henderson,237,OL,BUF,2014,2014,OT,79,331,5.04,,95,4.77,8.15,24.0
33,Demetrius Rhaney,250,OL,STL,2014,0,0,0,0,0,0,0,0,0,0
34,Anthony Morris,218,OL,OAK,2015,0,0,0,0,0,0,0,0,0,0
35,Corey Levin,217,OL,TEN,2017,2017,OG,76,307,5.16,26,106,4.73,7.55,26.5
36,Penei Sewell,7,OL,DET,2021,2021,OL,76,331,5.13,30,109,4.68,7.76,28.0
37,Rashawn Slater,13,OL,LAC,2021,2021,OL,76,304,4.91,33,112,4.45,7.48,33.0
38,Alijah Vera-Tucker,14,OL,NYJ,2021,2021,OL,76,308,5.05,36,106,4.70,7.67,32.0
39,Alex Leatherwood,17,OL,LVR,2021,2021,OL,77,312,4.96,,118,,,34.5
40,Christian Darrisaw,23,OL,MIN,2021,0,0,0,0,0,0,0,0,0,0
41,Landon Dickerson,37,OL,PHI,2021,0,0,0,0,0,0,0,0,0,0
42,Teven Jenkins,39,OL,CHI,2021,2021,OL,77,317,5.01,36,106,4.66,7.72,32.5
43,Liam Eichenberg,42,OL,MIA,2021,2021,OL,78,306,,33,105,4.58,7.53,26.5
44,Aaron Banks,48,OL,SFO,2021,2021,OL,77,325,5.32,24,100,4.89,7.69,31.0
45,Samuel Cosmi,51,OL,WAS,2021,2021,OL,77,314,4.87,36,117,4.39,7.35,30.0
46,Creed Humphrey,63,OL,KAN,2021,2021,OL,76,302,5.11,29,112,4.49,7.50,33.0
47,Jalen Mayfield,68,OL,ATL,2021,0,0,0,0,0,0,0,0,0,0
48,Brady Christensen,70,OL,CAR,2021,2021,OL,,,,30,124,,,34.0
49,Wyatt Davis,86,OL,MIN,2021,2021,OL,75,315,,25,,,,
50,Kendrick Green,87,OL,PIT,2021,2021,OL,73,305,4.89,25,119,4.67,7.79,35.5
51,Spencer Brown,93,OL,BUF,2021,0,0,0,0,0,0,0,0,0,0
52,Ben Cleveland,94,OL,BAL,2021,2021,OL,78,343,5.05,30,102,4.88,,28.0
53,Robert Hainsey,95,OL,TAM,2021,2021,OL,76,306,5.20,32,104,4.63,7.58,27.5
54,James Hudson,110,OL,CLE,2021,2021,OL,76,313,5.27,22,98,4.79,8.05,28.5
55,Dan Moore,128,OL,PIT,2021,0,0,0,0,0,0,0,0,0,0
56,Josh Ball,138,OL,DAL,2021,2021,OL,79,308,5.20,28,106,4.70,7.77,27.5
57,Larry Borom,151,OL,CHI,2021,2021,OL,77,322,5.12,,,,,31.0
58,Brenden Jaimes,159,OL,LAC,2021,2021,OL,77,298,,25,112,4.51,7.50,30.5
59,Tommy Doyle,161,OL,BUF,2021,0,0,0,0,0,0,0,0,0,0
60,Trey Hill,190,OL,CIN,2021,2021,OL,75,319,5.50,,,,,
61,Deonte Brown,193,OL,CAR,2021,2021,OL,75,344,,,,,,27.0
62,William Sherman,197,OL,NWE,2021,2021,OL,75,304,5.19,23,108,4.82,7.71,26.0
63,Stone Forsythe,208,OL,SEA,2021,2021,OL,80,307,5.14,25,103,4.65,7.47,27.5
64,Cole Van Lanen,214,OL,GNB,2021,2021,OL,76,305,5.11,22,107,4.64,7.34,30.0
65,Trey Smith,226,OL,KAN,2021,0,0,0,0,0,0,0,0,0,0
66,Jimmy Morrissey,230,OL,LVR,2021,2021,OL,75,303,5.31,26,105,4.47,7.39,31.0
67,Jack Anderson,236,OL,BUF,2021,2021,OL,76,314,5.28,27,105,4.83,7.90,29.5
68,Michal Menet,247,OL,ARI,2021,0,0,0,0,0,0,0,0,0,0
69,Will Fries,248,OL,IND,2021,2021,OL,78,309,5.37,24,115,4.53,7.77,31.0
