,player_id,player_name,pos_abbr,draft_year
0,28325,Andrew Luck,QB,2012
1,28956,Robert Griffin III,QB,2012
2,27427,Trent Richardson,RB,2012
3,28826,Matt Kalil,OT,2012
4,28776,Justin Blackmon,WR,2012
5,27921,Morris Claiborne,CB,2012
6,27429,Mark Barron,S,2012
7,28393,Ryan Tannehill,QB,2012
8,28618,Luke Kuechly,ILB,2012
9,28295,Stephon Gilmore,CB,2012
10,28951,Dontari Poe,DT,2012
11,28964,Fletcher Cox,DT,2012
12,28158,Michael Floyd,WR,2012
13,28980,Michael Brockers,DT,2012
14,28955,Bruce Irvin,OLB,2012
15,28090,Quinton Coples,DE,2012
16,27428,Dre Kirkpatrick,CB,2012
17,28296,Melvin Ingram,DE,2012
18,29060,Shea McClellin,OLB,2012
19,28585,Kendall Wright,WR,2012
20,29006,Chandler Jones,DE,2012
21,28779,Brandon Weeden,QB,2012
22,27818,Riley Reiff,OT,2012
23,28952,David DeCastro,OG,2012
24,27430,Dont'a Hightower,ILB,2012
25,28967,Whitney Mercilus,DE,2012
26,28514,Kevin Zeitler,OG,2012
27,28988,Nick Perry,DE,2012
28,28160,Harrison Smith,S,2012
29,29003,A.J. Jenkins,WR,2012
30,28603,Doug Martin,RB,2012
31,28963,David Wilson,RB,2012
32,27462,Brian Quick,WR,2012
33,28327,Coby Fleener,TE,2012
34,29053,Courtney Upshaw,DE,2012
35,27545,Derek Wolfe,DT,2012
36,27497,Mitchell Schwartz,OT,2012
37,27557,Andre Branch,DE,2012
38,29046,Cordy Glenn,OT,2012
39,28326,Jonathan Martin,OT,2012
40,29011,Stephen Hill,WR,2012
41,27796,Jeff Allen,OG,2012
42,28294,Alshon Jeffery,WR,2012
43,28662,Mychal Kendricks,ILB,2012
44,28903,Bobby Wagner,ILB,2012
45,27792,Tavon Wilson,S,2012
46,27589,Kendall Reyes,DT,2012
47,27542,Isaiah Pead,RB,2012
48,28009,Jerel Worthy,DT,2012
49,28094,Zach Brown,OLB,2012
50,28182,Devon Still,DT,2012
51,28769,Ryan Broyles,WR,2012
52,29007,Peter Konz,C,2012
53,28759,Mike Adams,OT,2012
54,29000,Brock Osweiler,QB,2012
55,28042,Lavonte David,OLB,2012
56,27949,Vinny Curry,DE,2012
57,28970,Kelechi Osemele,OG,2012
58,28787,LaMichael James,RB,2012
59,28916,Casey Hayward,CB,2012
60,28986,Rueben Randle,WR,2012
61,28958,Dwayne Allen,TE,2012
62,28742,Trumaine Johnson,CB,2012
63,28989,Josh Robinson,CB,2012
64,29010,Ronnie Hillman,RB,2012
65,28760,DeVier Posey,WR,2012
66,28999,T.J. Graham,WR,2012
67,28945,Bryan Anger,P,2012
68,29034,Josh LeRibeus,OG,2012
69,29008,Olivier Vernon,DE,2012
70,27923,Brandon Taylor,S,2012
71,28774,Donald Stephenson,OT,2012
72,28525,Russell Wilson,QB,2012
73,28558,Demario Davis,OLB,2012
74,28721,Michael Egnew,TE,2012
75,29059,Brandon Hardin,S,2012
76,28771,Jamell Fleming,CB,2012
77,28609,Tyrone Crawford,DE,2012
78,28001,Mike Martin,DT,2012
79,28243,Mohamed Sanu,WR,2012
80,28971,Bernard Pierce,RB,2012
81,27936,Dwight Bentley,CB,2012
82,27985,Sean Spence,OLB,2012
83,27468,Nick Foles,QB,2012
84,27489,Jake Bequette,DE,2012
85,28848,Lamar Holmes,OT,2012
86,29036,T.Y. Hilton,WR,2012
87,27556,Brandon Thompson,DT,2012
88,28931,Jayron Hosley,CB,2012
89,29065,Tony Bergstrom,OG,2012
90,27999,Chris Givens,WR,2012
91,28962,Lamar Miller,RB,2012
92,27607,Gino Gradkowski,OG,2012
93,27705,Ben Jones,C,2012
94,27984,Travis Benjamin,WR,2012
95,27476,Omar Bolden,CB,2012
96,28010,Kirk Cousins,QB,2012
97,28772,Frank Alexander,DE,2012
98,28546,Joe Adams,WR,2012
99,27673,Nigel Bradham,OLB,2012
100,28990,Robert Turbin,RB,2012
101,27690,Devon Wylie,WR,2012
102,28586,Philip Blake,C,2012
103,28429,Alameda Ta'amu,DT,2012
104,27935,Ladarius Green,TE,2012
105,29061,Evan Rodriguez,TE,2012
106,29005,Bobby Massie,OT,2012
107,28994,Kyle Wilber,OLB,2012
108,27664,Jaye Howard,DT,2012
109,29030,Coty Sensabaugh,CB,2012
110,28959,Orson Charles,TE,2012
111,28416,Joe Looney,OG,2012
112,28547,Jarius Wright,WR,2012
113,28383,Keenan Robinson,OLB,2012
114,28052,James-Michael Johnson,ILB,2012
115,28673,Keshawn Martin,WR,2012
116,28513,Nick Toon,WR,2012
117,27704,Brandon Boykin,CB,2012
118,28979,Ron Brooks,CB,2012
119,28954,Ronnell Lewis,OLB,2012
120,28040,Jared Crick,DE,2012
121,27549,Adrien Robinson,TE,2012
122,29028,Rhett Ellison,FB,2012
123,28265,Miles Burris,OLB,2012
124,28797,Christian Thompson,S,2012
125,28568,Brandon Mosley,OT,2012
126,27819,Mike Daniels,DT,2012
127,27945,Jerron Mcmillian,S,2012
128,27488,Greg Childs,WR,2012
129,27435,Josh Chapman,DT,2012
130,28371,Malik Jackson,DE,2012
131,28363,Tahir Whitehead,OLB,2012
132,29044,Robert Blanton,S,2012
133,28482,Najee Goode,ILB,2012
134,28965,Adam Gettis,OG,2012
135,28056,Brandon Marshall,OLB,2012
136,27599,Josh Norman,CB,2012
137,27672,Zebrie Sanders,OT,2012
138,28284,Taylor Thompson,TE,2012
139,27436,De'quan Menzie,CB,2012
140,28407,Tank Carder,OLB,2012
141,28192,Johnnie Troutman,OG,2012
142,28794,Rokevious Watkins,OG,2012
143,28432,Senio Kelemete,OG,2012
144,28943,Danny Coale,WR,2012
145,28227,Dennis Kelly,OT,2012
146,27776,Korey Toomer,OLB,2012
147,28163,Josh Kaddu,OLB,2012
148,27820,Shaun Prater,CB,2012
149,28520,Bradie Ewing,FB,2012
150,28183,Jack Crawford,DE,2012
151,27661,Chris Rainey,RB,2012
152,28953,Ryan Miller,OG,2012
153,29020,Randy Bullock,PK,2012
154,28255,Corey White,S,2012
155,29001,Terrell Manning,OLB,2012
156,29012,Jonathan Massaquoi,DE,2012
157,28747,Darius Fleming,OLB,2012
158,27491,Marvin Jones,WR,2012
159,28605,George Iloka,S,2012
160,27467,Juron Criner,WR,2012
161,28711,Vick Ballard,RB,2012
162,29069,Jeremy Lane,CB,2012
163,27668,Alfred Morris,RB,2012
164,28478,Keith Tandy,CB,2012
165,27706,Blair Walsh,PK,2012
166,27675,Mike Harris,CB,2012
167,29027,Justin Bethel,S,2012
168,29045,Mark Asper,OG,2012
169,29035,Andrew Tiller,OG,2012
170,28674,Trent Robinson,S,2012
171,27882,Winston Guy,S,2012
172,28394,Cyrus Gray,RB,2012
173,29043,B.J. Cunningham,WR,2012
174,28053,Isaiah Frey,CB,2012
175,28260,Ryan Lindley,QB,2012
176,28775,James Hanna,TE,2012
177,28418,Josh Bush,S,2012
178,27883,Danny Trevathan,OLB,2012
179,28778,Markelle Martin,S,2012
180,28761,Dan Herron,RB,2012
181,28713,Charles Mitchell,S,2012
182,28798,Tom Compton,OT,2012
183,27821,Marvin McNutt,WR,2012
184,28228,Nick Mondek,OT,2012
185,28071,Jonte Green,CB,2012
186,29183,Nate Ebner,S,2012
187,28973,Tommy Streeter,WR,2012
188,29004,Brandon Washington,OG,2012
189,27449,Matt Mccants,OT,2012
190,28998,Terrance Ganaway,RB,2012
191,28382,Emmanuel Acho,ILB,2012
192,28602,Billy Winn,DT,2012
193,28753,LaVon Brazill,WR,2012
194,28524,Brad Nortman,P,2012
195,27709,Justin Anderson,OG,2012
196,27745,Aaron Brown,OLB,2012
197,28107,Audie Cole,ILB,2012
198,28233,Scott Solomon,DE,2012
199,29058,Michael Smith,RB,2012
200,29107,Richard Crawford,CB,2012
201,29071,Tim Fugger,OLB,2012
202,28381,Kheeston Randall,DT,2012
203,27493,D.J. Campbell,S,2012
204,29070,Jordan Bernstine,CB,2012
205,28261,Jerome Long,DT,2012
206,28661,Trevor Guyton,DE,2012
207,28408,Greg McCoy,CB,2012
208,29033,Caleb McSurdy,ILB,2012
209,28770,Travis Lewis,OLB,2012
210,28041,Alfonzo Dennard,CB,2012
211,29048,J.R. Sweezy,DT,2012
212,28002,David Molk,C,2012
213,28062,Rishard Matthews,WR,2012
214,29021,Bryce Brown,RB,2012
215,28185,Nathan Stupar,OLB,2012
216,29168,Toney Clemons,WR,2012
217,27940,Greg Scruggs,DT,2012
218,28147,Drake Dunsmore,FB,2012
219,28043,Marcel Jones,OT,2012
220,28149,Jeremy Ebert,WR,2012
221,27708,DeAngelo Tyson,DT,2012
222,28922,Cam Johnson,DE,2012
223,28003,Junior Hemingway,WR,2012
224,28111,Markus Kuhn,DT,2012
280,29334,Eric Fisher,OT,2013
281,29963,Luke Joeckel,OT,2013
282,30376,Dion Jordan,OLB,2013
283,30253,Lane Johnson,OT,2013
284,30245,Ezekiel Ansah,DE,2013
285,29235,Barkevious Mingo,DE,2013
286,29242,Jonathan Cooper,OG,2013
287,29974,Tavon Austin,WR,2013
288,30220,Dee Milliner,CB,2013
289,29233,Chance Warmack,OG,2013
290,30232,D.J. Fluker,OT,2013
291,31079,D.J. Hayden,CB,2013
292,29203,Sheldon Richardson,DT,2013
293,29237,Star Lotulelei,DT,2013
294,29251,Kenny Vaccaro,S,2013
295,30224,EJ Manuel,QB,2013
296,29247,Jarvis Jones,OLB,2013
297,29202,Eric Reid,S,2013
298,29241,Justin Pugh,OT,2013
299,30262,Kyle Long,OG,2013
300,29260,Tyler Eifert,TE,2013
301,29254,Desmond Trufant,CB,2013
302,29257,Sharrif Floyd,DT,2013
303,30221,Bjoern Werner,DE,2013
304,29986,Xavier Rhodes,CB,2013
305,29289,Datone Jones,DE,2013
306,30261,DeAndre Hopkins,WR,2013
307,29239,Sylvester Williams,DT,2013
308,30260,Cordarrelle Patterson,WR,2013
309,29252,Alec Ogletree,ILB,2013
310,30283,Travis Frederick,C,2013
311,30222,Matt Elam,S,2013
312,29352,Johnathan Cyprien,S,2013
313,29238,Justin Hunter,WR,2013
314,29190,Zach Ertz,TE,2013
315,29485,Darius Slay,CB,2013
316,30234,Giovani Bernard,RB,2013
317,29240,Manti Te'o,ILB,2013
318,29965,Geno Smith,QB,2013
319,29318,Cornellius (Tank) Carradine,DE,2013
320,29964,Robert Woods,WR,2013
321,30314,Menelik Watson,OT,2013
322,29962,Johnthan Banks,CB,2013
323,29961,Kawann Short,DT,2013
324,30259,Kevin Minter,ILB,2013
325,30381,Kiko Alonso,ILB,2013
326,30242,Gavin Escobar,TE,2013
327,30218,Le'veon Bell,RB,2013
328,29244,Johnathan Hankins,DT,2013
329,30000,Jonathan Bostic,ILB,2013
330,29234,David Amerson,CB,2013
331,29225,Jamie Collins,OLB,2013
332,29617,Margus Hunt,DE,2013
333,30095,Jamar Taylor,CB,2013
334,29592,Vance McDonald,TE,2013
335,30379,Arthur Brown,OLB,2013
336,29217,D.J. Swearinger,S,2013
337,29208,Montee Ball,RB,2013
338,29968,Aaron Dobson,WR,2013
339,30016,Robert Alford,CB,2013
340,30178,Eddie Lacy,RB,2013
341,29273,Christine Michael,RB,2013
342,30133,Travis Kelce,TE,2013
343,30149,Dwayne Gratz,CB,2013
344,29192,Larry Warford,OG,2013
345,29310,Sio Moore,OLB,2013
346,29959,Bennie Logan,DT,2013
347,29309,Leon McFadden,CB,2013
348,29205,Tyrann Mathieu,CB,2013
349,29199,Blidi Wreh-Wilson,CB,2013
350,29258,T.J. McDonald,S,2013
351,30244,Brian Winters,OG,2013
352,29224,Mike Glennon,QB,2013
353,29277,Terrance Williams,WR,2013
354,29250,Keenan Allen,WR,2013
355,30349,Dallas Thomas,OG,2013
356,29305,Marquise Goodwin,WR,2013
357,29269,Markus Wheaton,WR,2013
358,30249,J. J. Wilcox,S,2013
359,30227,Damontre Moore,DE,2013
360,29236,John Jenkins,DT,2013
361,30247,Logan Ryan,CB,2013
362,29255,Shawn Williams,S,2013
363,30284,Jordan Reed,TE,2013
364,29395,Hugh Thornton,OG,2013
365,29983,Jordan Hill,DT,2013
366,29248,Corey Lemonier,DE,2013
367,29249,Brennan Williams,OT,2013
368,29628,Kayvon Webster,CB,2013
369,29598,Duron Harmon,S,2013
370,30171,Stedman Bailey,WR,2013
371,29722,Will Davis,CB,2013
372,29493,Brandon Williams,DT,2013
373,29246,Sam Montgomery,DE,2013
374,29971,Knile Davis,RB,2013
375,29286,Zaviar Gooden,OLB,2013
376,29232,Matt Barkley,QB,2013
377,29207,Nico Johnson,ILB,2013
378,30243,Akeem Spence,DT,2013
379,30367,Ace Sanders,WR,2013
380,29977,Josh Boyce,WR,2013
381,29189,Alex Okafor,DE,2013
382,29274,Jelani Jenkins,OLB,2013
383,30024,Duke Williams,S,2013
384,29194,Dion Sims,TE,2013
385,30374,Brian Schwenke,C,2013
386,29732,Edmund Kugbila,OG,2013
387,30269,David Bakhtiari,OT,2013
388,29300,Ryan Nassib,QB,2013
389,29647,Shamarko Thomas,S,2013
390,29967,Tyler Wilson,QB,2013
391,30246,Barrett Jones,C,2013
392,29316,B.W. Webb,CB,2013
393,29956,Landry Jones,QB,2013
394,30017,Earl Watford,OG,2013
395,30163,Khaseem Greene,OLB,2013
396,29296,Sean Porter,OLB,2013
397,30248,Phillip Thomas,S,2013
398,30248,Phillip Thomas,S,2013
399,29220,Gerald Hodges,OLB,2013
400,30159,Khaled Holmes,C,2013
401,30263,J.C. Tretter,OG,2013
402,30014,Chris Harper,WR,2013
403,30150,Trevardo Williams,DE,2013
404,29292,Johnathan Franklin,RB,2013
405,29958,William Gholston,DE,2013
406,29191,Malliciah Goodman,DE,2013
407,30207,Quinton Patton,WR,2013
408,29206,John Simon,DE,2013
409,30302,Kyle Juszczyk,FB,2013
410,29245,Marcus Lattimore,RB,2013
411,30197,Devin Taylor,DE,2013
412,29201,Levine Toilolo,TE,2013
413,30184,Sanders Commings,CB,2013
414,29990,Denard Robinson,WR,2013
415,29517,Earl Wolff,S,2013
416,29193,Jesse Williams,DT,2013
417,29271,Tharold Simon,CB,2013
418,29226,Montori Hughes,DT,2013
419,29221,Stepfan Taylor,RB,2013
420,30375,Oday Aboushi,OG,2013
421,29210,Lavar Edwards,DE,2013
422,30134,Jonathan Meeks,S,2013
423,29261,Kenny Stills,WR,2013
424,30330,Steve Williams,CB,2013
425,29766,Quanterus Smith,DE,2013
426,30382,Steven Means,OLB,2013
427,30033,A.J. Klein,ILB,2013
428,29978,Brandon McGee,CB,2013
429,29256,Terry Hawthorne,CB,2013
430,29299,Joseph Randle,RB,2013
431,29593,Cooper Taylor,S,2013
432,30342,Stansly Maponga,DE,2013
433,30236,Chris Thompson,RB,2013
434,30041,Jeff Locke,P,2013
435,29283,Tanner Hawkinson,OT,2013
436,29325,Quinton Dial,DE,2013
437,29591,Luke Willson,TE,2013
438,29198,Micah Hyde,CB,2013
439,29740,Zachary Stacy,RB,2013
440,30160,Tavarres King,WR,2013
441,29957,Brandon Jenkins,OLB,2013
442,29436,Jordan Mills,OT,2013
443,29358,Mike Gillislee,RB,2013
444,30378,Sam Martin,P,2013
445,29307,Caleb Sturgis,PK,2013
446,29314,Josh Boyd,DT,2013
447,29195,Ricky Wagner,OT,2013
448,29354,Joshua Evans,S,2013
449,30119,Eric Kush,C,2013
450,29750,Corey Fuller,WR,2013
451,30144,Nick Kasa,TE,2013
452,29746,Vinston Painter,OT,2013
453,30198,Ryan Swope,WR,2013
454,30011,Jamoris Slaughter,S,2013
455,30026,David Quessenberry,OT,2013
456,30194,Dustin Hopkins,PK,2013
457,30265,William Campbell,OG,2013
458,29351,Tourek Williams,DE,2013
459,30270,Nick Moody,OLB,2013
460,29699,Latavius Murray,RB,2013
461,30186,Kenjon Barner,RB,2013
462,29665,Mychal Rivera,TE,2013
463,30285,DeVonte Holloman,OLB,2013
464,29576,Justin Brown,WR,2013
465,29259,Andre Ellington,RB,2013
466,30325,Cornelius Washington,DE,2013
467,29464,Mike James,RB,2013
468,29262,Rex Burkhead,RB,2013
469,30176,Bacarri Rambo,S,2013
470,29988,John Boyett,S,2013
471,30229,Nathan Palmer,OLB,2013
472,29985,Spencer Ware,RB,2013
473,30371,Alan Bonner,WR,2013
474,29702,Jeff Baca,OG,2013
475,30168,Cobi Hamilton,WR,2013
476,30101,Christopher Jones,DT,2013
477,30196,Theo Riddick,RB,2013
478,29213,Kapron Lewis-Moore,DE,2013
479,29306,Ryan Griffin,TE,2013
480,29503,Khalid Wooten,CB,2013
481,30034,Braden Wilson,FB,2013
482,29546,Stacy McGee,DT,2013
483,30190,Vince Williams,ILB,2013
484,30343,Mike Catapano,DE,2013
485,30408,Jeremy Harris,CB,2013
486,29614,Brice Butler,WR,2013
487,30049,Demetrius McCray,CB,2013
488,29219,Michael Williams,TE,2013
489,29979,Joe Kruger,DE,2013
490,30189,Michael Mauti,ILB,2013
491,29211,Travis Bond,OG,2013
492,30019,Tommy Bohanon,FB,2013
493,29821,Armonty Bryant,DE,2013
494,29263,Jordan Poyer,CB,2013
495,29323,D.C. Jefferson,TE,2013
496,29288,Brad Sorensen,QB,2013
497,30188,Chris Gragg,TE,2013
498,29606,Nicholas Williams,DT,2013
499,29456,Kevin Dorsey,WR,2013
500,29538,Eric Herman,OG,2013
501,29200,Michael Buchanan,DE,2013
502,30267,Jawan Jamison,RB,2013
503,29187,Everett Dawkins,DT,2013
504,29724,Kerwynn Williams,RB,2013
505,30361,Ty Powell,OLB,2013
506,29631,Samuel Barrington,OLB,2013
507,29494,David Bass,DE,2013
508,29975,Zac Dysert,QB,2013
509,29600,Steve Beauharnais,ILB,2013
510,29253,Marquess Wilson,WR,2013
511,29634,B.J. Daniels,QB,2013
512,29188,Aaron Mellette,WR,2013
562,33597,Jadeveon Clowney,DE,2014
563,34748,Greg Robinson,OT,2014
564,34717,Blake Bortles,QB,2014
565,33609,Sammy Watkins,WR,2014
566,34108,Khalil Mack,OLB,2014
567,33601,Jake Matthews,OT,2014
568,34120,Mike Evans,WR,2014
569,34122,Justin Gilbert,CB,2014
570,33600,Anthony Barr,OLB,2014
571,33617,Eric Ebron,TE,2014
572,33612,Taylor Lewan,OT,2014
573,33072,Odell Beckham Jr.,WR,2014
574,34113,Aaron Donald,DT,2014
575,33087,Kyle Fuller,CB,2014
576,34117,Ryan Shazier,OLB,2014
577,34107,Zack Martin,OT,2014
578,33605,C.J. Mosley,ILB,2014
579,34749,Calvin Pryor,S,2014
580,33101,Ja'Wuan James,OT,2014
581,34722,Brandin Cooks,WR,2014
582,33619,Ha Ha Clinton-Dix,S,2014
583,33057,Johnny Manziel,QB,2014
584,33632,Dee Ford,DE,2014
585,33051,Darqueze Dennard,CB,2014
586,34111,Jason Verrett,CB,2014
587,33831,Marcus Smith,DE,2014
588,33974,Deone Bucannon,S,2014
589,34718,Kelvin Benjamin,WR,2014
590,34843,Dominique Easley,DT,2014
591,33978,Jimmie Ward,S,2014
592,33622,Bradley Roby,CB,2014
593,33598,Teddy Bridgewater,QB,2014
594,34736,Xavier Su'a-Filo,OG,2014
595,34859,Demarcus Lawrence,OLB,2014
596,33655,Joel Bitonio,OT,2014
597,32176,Derek Carr,QB,2014
598,33061,Ra'Shede Hageman,DT,2014
599,33614,Austin Seferian-Jenkins,TE,2014
600,33604,Marqise Lee,WR,2014
601,34127,Kyle Van Noy,OLB,2014
602,34713,Lamarcus Joyner,CB,2014
603,34123,Jordan Matthews,WR,2014
604,33657,Weston Richburg,C,2014
605,33603,Cyrus Kouandjio,OT,2014
606,34721,Paul Richardson,WR,2014
607,33608,Stephon Tuitt,DE,2014
608,34132,Trent Murphy,OLB,2014
609,33607,Timmy Jernigan,DT,2014
610,34729,Jace Amaro,TE,2014
611,34149,Jeremiah Attaochu,OLB,2014
612,33052,Ego Ferguson,DT,2014
613,34771,Troy Niklas,TE,2014
614,34753,Davante Adams,WR,2014
615,34710,Bishop Sankey,RB,2014
616,34772,Jeremy Hill,RB,2014
617,34758,Cody Latimer,WR,2014
618,33638,Carlos Hyde,RB,2014
619,33736,Stan Jean-Baptiste,CB,2014
620,33628,Jack Mewhort,OT,2014
621,33053,Kony Ealy,DE,2014
622,34759,Allen Robinson,WR,2014
623,33695,Jimmy Garoppolo,QB,2014
624,34757,Jarvis Landry,WR,2014
625,33684,Justin Britt,OT,2014
626,33637,C.J. Fiedorowicz,TE,2014
627,33071,Morgan Moses,OT,2014
628,34601,Billy Turner,OT,2014
629,33647,Dez Southward,S,2014
630,33634,Charles Sims,RB,2014
631,34735,Marcus Martin,C,2014
632,34485,Chris Kirksey,OLB,2014
633,33613,Scott Crichton,DE,2014
634,33662,Preston Brown,ILB,2014
635,34166,Jay Bromley,DT,2014
636,34767,Tre Mason,RB,2014
637,34133,Travis Swanson,C,2014
638,33667,Spencer Long,OG,2014
639,33097,Terrence Brooks,S,2014
640,33709,Dex McDougle,CB,2014
641,34112,Gabe Jackson,OG,2014
642,33621,Will Sutton,DT,2014
643,33599,Louis Nix III,DT,2014
644,34119,Kareem Martin,DE,2014
645,34128,Khyri Thornton,DT,2014
646,33679,Josh Huff,WR,2014
647,33708,Phillip Gaines,CB,2014
648,33830,William Clarke,DE,2014
649,33630,Chris Watt,OG,2014
650,34115,Donte Moncrief,WR,2014
651,33445,John Brown,WR,2014
652,34810,Trai Turner,OG,2014
653,34402,Brandon Linder,OG,2014
654,34785,Terrance West,RB,2014
655,34586,Michael Schofield,OT,2014
656,34727,Jerick McKinnon,RB,2014
657,33624,Dri Archer,RB,2014
658,34766,Richard Rodgers,TE,2014
659,33349,Crockett Gillmore,TE,2014
660,34892,Brandon Thomas,OG,2014
661,33693,Jaylen Watkins,CB,2014
662,34730,Bashaud Breeland,CB,2014
663,34811,Devonta Freeman,RB,2014
664,33635,Jalen Saunders,WR,2014
665,33090,Bryan Stork,C,2014
666,34755,Bruce Ellington,WR,2014
667,34184,Justin Ellis,DT,2014
668,34155,Cassius Marsh,DE,2014
669,33687,Ross Cockrell,CB,2014
670,34833,Maurice Alexander,S,2014
671,34734,Russell Bodine,C,2014
672,33626,DaQuan Jones,DT,2014
673,33246,Andre Williams,RB,2014
674,33062,Aaron Colvin,CB,2014
675,34140,Shaq Evans,WR,2014
676,34719,Keith McGill,CB,2014
677,34104,Ka'Deem Carey,RB,2014
678,34754,Martavis Bryant,WR,2014
679,34504,Anthony Hitchens,OLB,2014
680,33064,Logan Thomas,QB,2014
681,34828,Carl Bradford,OLB,2014
682,33691,Marqueston Huff,CB,2014
683,33694,Kevin Norwood,WR,2014
684,33615,De'Anthony Thomas,RB,2014
685,33718,Walt Aikens,CB,2014
686,34746,Khairi Fortt,OLB,2014
687,33660,Pierre Desir,CB,2014
688,33095,Tre Boston,S,2014
689,33703,Dontae Johnson,CB,2014
690,34153,James White,RB,2014
691,33987,Brock Vereen,S,2014
692,34500,Kevin Pierre-Louis,OLB,2014
693,33706,Nevin Lawson,CB,2014
694,34182,Brent Urban,DT,2014
695,33173,Tom Savage,QB,2014
696,31953,Larry Webster,DE,2014
697,34589,Dakota Dozier,OT,2014
698,34774,Lorenzo Taliaferro,RB,2014
699,33081,Prince Shembo,OLB,2014
700,34131,Taylor Hart,DE,2014
701,33428,Ryan Grant,WR,2014
702,34404,Kadeem Edwards,OG,2014
703,33088,Telvin Smith,OLB,2014
704,34125,David Yankey,OG,2014
705,33640,Devin Street,WR,2014
706,33698,Ricardo Allen,CB,2014
707,33699,Bene Benwikere,CB,2014
708,34631,Kevin Pamphile,OT,2014
709,33606,Aaron Lynch,DE,2014
710,34300,Avery Williamson,ILB,2014
711,33689,Nat Berhe,S,2014
712,33063,Cyril Richardson,OG,2014
713,33666,Jeremiah George,ILB,2014
714,33348,Arthur Lynch,TE,2014
715,33069,Lamin Barrow,OLB,2014
716,34778,Shaquille Richardson,CB,2014
717,34136,Caraun Reid,DT,2014
718,33645,Chris Smith,DE,2014
719,33075,Ed Stinson,DE,2014
720,34373,Corey Linsley,C,2014
721,33079,Ed Reynolds,S,2014
722,34147,Aaron Murray,QB,2014
723,34118,AJ McCarron,QB,2014
724,34158,Ryan Carrethers,DT,2014
725,33841,Jonathan Newsome,DE,2014
726,34796,Vinnie Sunseri,S,2014
727,34918,Marquis Spruill,OLB,2014
728,34747,Ronald Powell,OLB,2014
729,33713,Keith Reaser,CB,2014
730,34487,Jordie Tripp,OLB,2014
731,34193,Jimmy Staten,DT,2014
732,34897,Wesley Johnson,C,2014
733,34836,Devon Kennard,OLB,2014
734,33673,John Urschel,OG,2014
735,34134,Jared Abbrederis,WR,2014
736,33054,Jeoffrey Pagan,DE,2014
737,33654,Zach Mettenberger,QB,2014
738,33683,Jon Halapio,OG,2014
739,33722,Kenneth Acker,CB,2014
740,33222,Alfred Blue,RB,2014
741,33625,Antone Exum,CB,2014
742,34154,David Fales,QB,2014
743,33712,Kendall James,CB,2014
744,33070,Robert Herron,WR,2014
745,34124,Lache Seastrunk,RB,2014
746,34142,Bennett Jackson,CB,2014
747,33663,E.J. Gaines,CB,2014
748,34707,TJ Jones,WR,2014
749,33417,Matt Hazel,WR,2014
750,33143,Pat O'Donnell,P,2014
751,33659,Jordan Zumwalt,OLB,2014
752,33107,Zach Fulton,OG,2014
753,33171,Keith Wenning,QB,2014
754,33715,Brandon Dixon,CB,2014
755,33452,Walt Powell,WR,2014
756,34830,Demetri Goodson,CB,2014
757,33844,Zach Moore,DE,2014
758,34599,Garrett Scott,OT,2014
759,34150,Marion Grice,RB,2014
760,34638,Tavon Rooks,OT,2014
761,34709,Andrew Jackson,ILB,2014
762,31997,Tyler Gaffney,RB,2014
763,34388,Luke Bowanko,C,2014
764,33973,Jemea Thomas,S,2014
765,34044,Eric Pinkins,S,2014
766,33434,Quincy Enunwa,WR,2014
767,33845,IK Enemkpali,DE,2014
768,33653,Jay Prosch,FB,2014
769,34499,Marquis Flowers,OLB,2014
770,34121,Tajh Boyd,QB,2014
771,34780,Garrett Gilbert,QB,2014
772,34110,Dan McCullers,DT,2014
773,33702,Dre Hal,CB,2014
774,33350,Ted Bolser,TE,2014
775,33641,Michael Campanaro,WR,2014
776,33671,T.J. Carrie,CB,2014
777,34191,Shamar Stephen,DT,2014
778,34528,Randell Johnson,OLB,2014
779,34738,Storm Johnson,RB,2014
780,34486,Brandon Watts,OLB,2014
781,34145,Beau Allen,DT,2014
782,33723,Jabari Price,CB,2014
783,34884,Mitchell Van Dyk,OT,2014
784,34809,Kiero Small,FB,2014
785,34824,Zach Hocker,PK,2014
786,33680,Rob Blanchflower,TE,2014
787,33828,Ben Gardner,DE,2014
788,33104,Trevor Reilly,OLB,2014
789,33849,Terrence Fede,DE,2014
790,33672,Shelby Harris,DE,2014
791,33656,Jeff Janis,WR,2014
792,33633,Seantrel Henderson,OT,2014
793,34312,Will Smith,ILB,2014
794,35159,James Wright,WR,2014
795,33414,Tevin Reese,WR,2014
796,33674,C.B. Bryant,S,2014
797,34502,Corey Nelson,OLB,2014
798,33092,Kaleb Ramsey,DT,2014
799,33433,Jeremy Gallon,WR,2014
800,33643,Trey Millard,FB,2014
801,34844,Jonathan Dowling,CB,2014
892,46810,Jameis Winston,QB,2015
893,46814,Marcus Mariota,QB,2015
894,46813,Dante Fowler Jr.,DE,2015
895,46812,Amari Cooper,WR,2015
896,46815,Brandon Scherff,OT,2015
897,46811,Leonard Williams,DE,2015
898,46816,Kevin White,WR,2015
899,46834,Vic Beasley,OLB,2015
900,46822,Ereck Flowers,OT,2015
901,46817,Todd Gurley,RB,2015
902,46819,Trae Waynes,CB,2015
903,46823,Danny Shelton,DT,2015
904,46820,Andrus Peat,OT,2015
905,46818,DeVante Parker,WR,2015
906,46826,Melvin Gordon,RB,2015
907,46824,Kevin Johnson,CB,2015
908,46821,Arik Armstead,DE,2015
909,46830,Marcus Peters,CB,2015
910,46825,Cameron Erving,C,2015
911,46832,Nelson Agholor,WR,2015
912,46844,Cedric Ogbuehi,OT,2015
913,46833,Bud Dupree,OLB,2015
914,46840,Shane Ray,OLB,2015
915,46841,D.J. Humphries,OT,2015
916,46878,Shaq Thompson,OLB,2015
917,46829,Breshad Perriman,WR,2015
918,46846,Byron Jones,CB,2015
919,46862,Laken Tomlinson,OG,2015
920,46836,Phillip Dorsett,WR,2015
921,46847,Damarious Randall,S,2015
922,46859,Stephone Anthony,ILB,2015
923,46828,Malcom Brown,DT,2015
924,46842,Landon Collins,S,2015
925,46856,Donovan Smith,OT,2015
926,46857,Mario Edwards Jr.,DE,2015
927,46873,T.J. Yeldon,RB,2015
928,46837,Devin Smith,WR,2015
929,46852,Preston Smith,DE,2015
930,46835,Eddie Goldman,DT,2015
931,46868,Dorial Green-Beckham,WR,2015
932,46849,Devin Funchess,WR,2015
933,46854,Jalen Collins,CB,2015
934,46871,Benardrick McKinney,ILB,2015
935,46851,Hau'Oli Kikaha,OLB,2015
936,46838,Eric Kendricks,ILB,2015
937,46908,Jaquiski Tartt,S,2015
938,46863,Eric Rowe,CB,2015
939,46850,Denzel Perryman,ILB,2015
940,46900,Mitch Morse,OG,2015
941,46869,Ronald Darby,CB,2015
942,46876,Nate Orchard,OLB,2015
943,46855,Jordan Phillips,DT,2015
944,46848,Jake Fisher,OT,2015
945,46853,Ameer Abdullah,RB,2015
946,46858,Maxx Williams,TE,2015
947,46877,Senquez Golson,CB,2015
948,46911,Robert Havenstein,OT,2015
949,46884,Markus Golden,DE,2015
950,46899,Ty Sambrailo,OT,2015
951,46827,Randy Gregory,OLB,2015
952,46880,Quinten Rollins,CB,2015
953,47020,Frank Clark,DE,2015
954,47012,Jordan Richards,S,2015
955,46893,D'Joun Smith,CB,2015
956,46909,Jeremiah Poutasi,OG,2015
957,46879,A.J. Cann,OG,2015
958,46872,Clive Walford,TE,2015
959,46861,Tyler Lockett,WR,2015
960,46839,Jaelen Strong,WR,2015
961,46896,Hroniss Grasu,C,2015
962,47001,Jamon Brown,OT,2015
963,46875,Tevin Coleman,RB,2015
964,46864,Owa Odighizuwa,DE,2015
965,46930,Garrett Grayson,QB,2015
966,46937,Chris Conley,WR,2015
967,46867,P.J. Williams,CB,2015
968,46843,Eli Harold,OLB,2015
969,46910,Alex Carter,CB,2015
970,46979,John Miller,OG,2015
971,46926,Lorenzo Mauldin,OLB,2015
972,47010,Craig Mager,CB,2015
973,46950,Jordan Hicks,ILB,2015
974,46885,Tyler Kroft,TE,2015
975,46905,David Johnson,RB,2015
976,46894,Danielle Hunter,DE,2015
977,46917,Sean Mannion,QB,2015
978,46866,Carl Davis,DT,2015
979,46942,Chaz Green,OT,2015
980,46913,Jeff Heuerman,TE,2015
981,46886,Henry Anderson,DE,2015
982,46916,Ty Montgomery,WR,2015
983,46944,Matt Jones,RB,2015
984,46902,Xavier Cooper,DT,2015
985,46959,Geneo Grissom,DE,2015
986,46915,Steven Nelson,CB,2015
987,46991,Angelo Blackson,DT,2015
988,46870,Trey Flowers,DE,2015
989,46897,Daryl Williams,OT,2015
990,46890,Bryce Petty,QB,2015
991,46904,James Sample,S,2015
992,46932,Jamison Crowder,WR,2015
993,46906,Jeremy Langford,RB,2015
994,46887,Justin Hardy,WR,2015
995,46958,Jalston Fowler,FB,2015
996,46936,Clayton Geathers,S,2015
997,46845,T.J. Clemmings,OT,2015
998,46889,Tre Jackson,OG,2015
999,46986,Arie Kouandjio,OG,2015
1000,46923,Gabe Wright,DT,2015
1001,47003,Jamil Douglas,OG,2015
1002,46955,Ibraheim Campbell,S,2015
1003,47296,Rodney Gunter,DT,2015
1004,47000,Blake Bell,TE,2015
1005,46940,Ramik Wilson,OLB,2015
1006,46967,Andrew Donnal,OT,2015
1007,46980,Josh Shaw,S,2015
1008,46895,Doran Grant,CB,2015
1009,46907,Za'Darius Smith,DE,2015
1010,46960,Vince Mayle,WR,2015
1011,46901,Kwon Alexander,OLB,2015
1012,46928,Mike Davis,RB,2015
1013,47008,Damien Wilson,ILB,2015
1014,47045,Jon Feliciano,OG,2015
1015,46946,Jake Ryan,OLB,2015
1016,47118,Terry Poole,OT,2015
1017,47018,Shaq Mason,C,2015
1018,46990,DeAndre Smelter,WR,2015
1019,46941,Max Garcia,C,2015
1020,47034,Mark Glowinski,OG,2015
1021,46925,Marcus Hardison,DT,2015
1022,47369,Tray Walker,CB,2015
1023,46860,Grady Jarrett,DT,2015
1024,46953,David Cobb,RB,2015
1025,46882,Rashad Greene,WR,2015
1026,47080,Ben Heeney,ILB,2015
1027,47069,Martrell Spaight,OLB,2015
1028,46934,Adrian Amos,S,2015
1029,46938,MyCole Pruitt,TE,2015
1030,47334,Mykkele Thompson,S,2015
1031,47011,Bobby McCain,CB,2015
1032,46918,Stefon Diggs,WR,2015
1033,46951,Brett Hundley,QB,2015
1034,46924,Davis Tull,OLB,2015
1035,46891,Jay Ajayi,RB,2015
1036,47249,Ced Thompson,S,2015
1037,46999,David Parry,DT,2015
1038,46933,Jarvis Harrison,OG,2015
1039,46929,Kyle Emanuel,OLB,2015
1040,47002,Tyeler Davison,DT,2015
1041,47014,Karlos Williams,RB,2015
1042,47022,Tony Lippett,WR,2015
1043,47234,C.J. Uzomah,TE,2015
1044,47283,Shaq Riddick,DE,2015
1045,47100,J.J. Nelson,WR,2015
1046,47046,Jesse James,TE,2015
1047,47087,Neiron Ball,OLB,2015
1048,46914,Kenny Bell,WR,2015
1049,47006,Ryan Russell,DE,2015
1050,46994,Lorenzo Doss,CB,2015
1051,47149,Bradley Pinion,P,2015
1052,47150,Joe Cardona,LS,2015
1053,47112,Damian Swann,CB,2015
1054,47125,Michael Burton,FB,2015
1055,47214,David Mayo,ILB,2015
1056,46981,Tye Smith,CB,2015
1057,46992,Nick Boyle,TE,2015
1058,47760,D.J. Alexander,OLB,2015
1059,47081,James O'Shaughnessy,TE,2015
1060,46983,Cameron Artis-Payne,RB,2015
1061,47438,Keith Mumphery,WR,2015
1062,46998,Robert Myers,OG,2015
1063,47273,Deiontrez Mount,OLB,2015
1064,47489,Matt Wells,OLB,2015
1065,47134,Max Valles,ILB,2015
1066,46865,Michael Bennett,DT,2015
1067,47116,Kyshoen Jarrett,S,2015
1068,47769,Tevin Mitchel,OLB,2015
1069,47130,Tayo Fabuluje,OT,2015
1070,47128,Kaelin Clay,WR,2015
1071,46927,Tyrus Thompson,OT,2015
1072,47009,Geremy Davis,WR,2015
1073,47424,Evan Spencer,WR,2015
1074,47120,Tony Steward,OLB,2015
1075,46903,Charles Gaines,CB,2015
1076,47330,Ian Silberman,OG,2015
1077,46939,JaCorey Shepherd,CB,2015
1078,46954,Darius Philon,DT,2015
1079,46976,B.J. Dubose,DE,2015
1080,46952,Nick O'Leary,TE,2015
1081,47674,Malcolm Johnson,TE,2015
1082,47361,Randall Evans,CB,2015
1083,46920,Derron Smith,S,2015
1084,47041,Randall Telfer,TE,2015
1085,46982,L.T. Walton,DT,2015
1086,46963,Quandre Diggs,CB,2015
1087,47119,Bud Sasser,WR,2015
1088,47072,AJ Derby,TE,2015
1089,47272,Darius Kilgo,DT,2015
1090,46965,Darren Waller,WR,2015
1091,47049,Josh Robinson,RB,2015
1092,47157,Aaron Ripkowski,FB,2015
1093,47055,Amarlo Herrera,ILB,2015
1094,47054,Andy Gallik,C,2015
1095,47091,Obum Gwacham,DE,2015
1096,47539,Christian Ringo,DE,2015
1097,47258,Reshard Cliett,OLB,2015
1098,46919,Anthony Chickillo,DE,2015
1099,47331,Kennard Backman,TE,2015
1100,47297,Kristjan Sokoli,DE,2015
1101,47300,Cody Wichmann,OG,2015
1102,46957,Christian Covington,DT,2015
1103,46989,Rakeem Nunez-Roches,DT,2015
1104,48176,Anthony Morris,OT,2015
1105,46945,Hayes Pullard,ILB,2015
1106,47510,Neal Sterling,WR,2015
1107,47531,Andre Debose,WR,2015
1108,47582,Austin Reiter,C,2015
1109,47076,Deon Simon,DT,2015
1110,47028,Bryce Hager,ILB,2015
1111,47299,Jake Rodgers,OT,2015
1112,47075,Bobby Hart,OT,2015
1113,47056,Martin Ifedi,DE,2015
1114,47025,Austin Shepherd,OT,2015
1115,46987,Ben Koyack,TE,2015
1116,47059,Marcus Murphy,RB,2015
1117,47037,Da'Ron Brown,WR,2015
1118,46956,Dez Lewis,WR,2015
1119,47142,Kenny Hilliard,RB,2015
1120,47148,Mark Nzeocha,OLB,2015
1121,47357,Brian Mihalik,DE,2015
1122,47015,Mario Alford,WR,2015
1123,46943,Gerod Holliman,S,2015
1124,46921,Corey Robinson,OT,2015
1125,46912,Ifo Ekpre-Olomu,CB,2015
1126,47327,Dexter McDonald,CB,2015
1127,47040,Laurence Gibson,OT,2015
1128,47016,Trent Brown,OG,2015
1129,46922,Tre McBride,WR,2015
1130,47286,Geoff Swaim,TE,2015
1131,47035,Darryl Roberts,CB,2015
1132,47481,Akeem King,S,2015
1254,49986,Jared Goff,QB,2016
1255,49988,Carson Wentz,QB,2016
1256,49517,Joey Bosa,DE,2016
1257,50025,Ezekiel Elliott,RB,2016
1258,49428,Jalen Ramsey,CB,2016
1259,49919,Ronnie Stanley,OT,2016
1260,49518,DeForest Buckner,DE,2016
1261,49920,Jack Conklin,OT,2016
1262,49876,Leonard Floyd,OLB,2016
1263,50243,Eli Apple,CB,2016
1264,49429,Vernon Hargreaves III,CB,2016
1265,49651,Sheldon Rankins,DT,2016
1266,49918,Laremy Tunsil,OT,2016
1267,49597,Karl Joseph,S,2016
1268,50135,Corey Coleman,WR,2016
1269,49921,Taylor Decker,OT,2016
1270,49589,Keanu Neal,S,2016
1271,50307,Ryan Kelly,C,2016
1272,49519,Shaq Lawson,DE,2016
1273,49873,Darron Lee,OLB,2016
1274,50132,Will Fuller,WR,2016
1275,50131,Josh Doctson,WR,2016
1276,50129,Laquon Treadwell,WR,2016
1277,49438,William Jackson III,CB,2016
1278,49437,Artie Burns,CB,2016
1279,49985,Paxton Lynch,QB,2016
1280,49654,Kenny Clark,DT,2016
1281,49829,Joshua Garnett,OG,2016
1282,49649,Robert Nkemdiche,DT,2016
1283,49664,Vernon Butler,DT,2016
1284,49521,Emmanuel Ogbah,DE,2016
1285,50257,Kevin Dodd,DE,2016
1286,49872,Jaylon Smith,OLB,2016
1287,50097,Hunter Henry,TE,2016
1288,49874,Myles Jack,OLB,2016
1289,50282,Chris Jones,DT,2016
1290,50282,Chris Jones,DT,2016
1291,50245,Xavien Howard,CB,2016
1292,49885,Noah Spence,OLB,2016
1293,50143,Sterling Shepard,WR,2016
1294,49756,Reggie Ragland,ILB,2016
1295,50361,Kamalei Correa,OLB,2016
1296,49655,Austin Johnson,DT,2016
1297,49537,Jihad Ward,DE,2016
1298,50026,Derrick Henry,RB,2016
1299,49652,A'Shawn Robinson,DT,2016
1300,50539,Michael Thomas,WR,2016
1301,49923,Jason Spriggs,OT,2016
1302,49650,Jarran Reed,DT,2016
1303,49817,Nick Martin,C,2016
1304,49989,Christian Hackenberg,QB,2016
1305,49883,Deion Jones,OLB,2016
1306,49586,Su'a Cravens,S,2016
1307,49435,Mackensie Alexander,CB,2016
1308,50133,Tyler Boyd,WR,2016
1309,49833,Cody Whitehair,OG,2016
1310,50477,T.J. Green,S,2016
1311,50278,Sean Davis,S,2016
1312,50410,Roberto Aguayo,PK,2016
1313,49451,Cyrus Jones,CB,2016
1314,50270,Vonn Bell,S,2016
1315,49442,James Bradberry,CB,2016
1316,49525,Adam Gotsis,DE,2016
1317,49609,Kevin Byard,S,2016
1318,49526,Carl Nassib,DE,2016
1319,50309,Max Tuerk,C,2016
1320,49653,Maliek Collins,DT,2016
1321,49434,Will Redmond,CB,2016
1322,50472,Yannick Ngakoue,DE,2016
1323,49535,Bronson Kaufusi,DE,2016
1324,49591,Darian Thompson,S,2016
1325,50474,Jonathan Bullard,DE,2016
1326,50038,Kenyan Drake,RB,2016
1327,49441,Keivarae Russell,CB,2016
1328,49522,Shilique Calhoun,DE,2016
1329,50247,Daryl Worley,CB,2016
1330,50341,Joe Thuney,OG,2016
1331,50475,Isaac Seumalo,C,2016
1332,49660,Adolphus Washington,DT,2016
1333,50098,Austin Hooper,TE,2016
1334,50464,Le'Raven Clark,OT,2016
1335,49875,Jordan Jenkins,OLB,2016
1336,49432,Kendall Fuller,CB,2016
1337,50146,Braxton Miller,WR,2016
1338,50149,Leonte Carroo,WR,2016
1339,50301,Nick Vigil,ILB,2016
1340,49888,Kyler Fackrell,OLB,2016
1341,49677,Javon Hargrave,DT,2016
1342,50030,C.J. Prosise,RB,2016
1343,49990,Jacoby Brissett,QB,2016
1344,50465,Brandon Williams,CB,2016
1345,49991,Cody Kessler,QB,2016
1346,50100,Nick Vannett,TE,2016
1347,50308,Graham Glasgow,C,2016
1348,50288,Vincent Valentine,DT,2016
1349,49840,Rees Odhiambo,OG,2016
1350,49617,Justin Simmons,S,2016
1351,50365,Joe Schobert,OLB,2016
1352,49987,Connor Cook,QB,2016
1353,49530,Charles Tapper,DE,2016
1354,49761,Joshua Perry,ILB,2016
1355,49661,Sheldon Day,DT,2016
1356,49443,Tavon Young,CB,2016
1357,50479,Parker Ehinger,OG,2016
1358,49436,Eric Murray,CB,2016
1359,50140,Chris Moore,WR,2016
1360,49512,Ryan Smith,CB,2016
1361,49763,B.J. Goodson,ILB,2016
1362,50113,Tyler Higbee,TE,2016
1363,49593,Miles Killebrew,S,2016
1364,50163,Malcolm Mitchell,WR,2016
1365,49759,Nick Kwiatkoski,ILB,2016
1366,50176,Ricardo Louis,WR,2016
1367,49895,De'Vondre Campbell,OLB,2016
1368,50283,Hassan Ridgeway,DT,2016
1369,50138,Pharoh Cooper,WR,2016
1370,49471,Juston Burris,CB,2016
1371,50035,Tyler Ervin,RB,2016
1372,50291,David Onyemata,DT,2016
1373,50337,Willie Beavers,OG,2016
1374,49656,Andrew Billings,DT,2016
1375,50393,Jerald Hawkins,OT,2016
1376,49596,Deon Bush,S,2016
1377,49877,Antonio Morrison,OLB,2016
1378,50445,Demarcus Robinson,WR,2016
1379,49448,Deiondre' Hall,CB,2016
1380,50507,Evan Boehm,OG,2016
1381,49616,Derrick Kindred,S,2016
1382,49934,Alex Lewis,OT,2016
1383,49760,Blake Martinez,ILB,2016
1384,50286,Willie Henry,DT,2016
1385,50252,Rashard Robinson,CB,2016
1386,50027,Kenneth Dixon,RB,2016
1387,49992,Dak Prescott,QB,2016
1388,50029,Devontae Booker,RB,2016
1389,49538,Dean Lowry,DE,2016
1390,50158,Tajae Sharpe,WR,2016
1391,50246,Zack Sanchez,CB,2016
1392,50501,Ronald Blair,DT,2016
1393,50057,Deandre Washington,RB,2016
1394,49837,Connor Mcgovern,OG,2016
1395,49927,John Theus,OT,2016
1396,50287,Quinton Jefferson,DT,2016
1397,50394,Caleb Benenoch,OT,2016
1398,50421,Paul Perkins,RB,2016
1399,50420,Jordan Howard,RB,2016
1400,49836,Joe Dahl,OG,2016
1401,49682,Matt Ioannidis,DT,2016
1402,50424,Wendell Smallwood,RB,2016
1403,50136,Jordan Payton,WR,2016
1404,49928,Joe Haeg,OT,2016
1405,50043,Jonathan Williams,RB,2016
1406,49456,Leshaun Sims,CB,2016
1407,49929,Brandon Shell,OT,2016
1408,50496,KJ Dillon,S,2016
1409,49775,Kentrell Brothers,ILB,2016
1410,49832,Christian Westerman,OG,2016
1411,49998,Kevin Hogan,QB,2016
1412,50448,Trevor Davis,WR,2016
1413,49935,Halapoulivaati Vaitai,OT,2016
1414,50463,Tyreek Hill,WR,2016
1415,50473,D.J. Reader,DT,2016
1416,49925,Spencer Drango,OT,2016
1417,49896,Antwione Williams,OLB,2016
1418,49926,Cole Toner,OT,2016
1419,50419,Alex Collins,RB,2016
1420,50139,Rashard Higgins,WR,2016
1421,49493,Trey Caldwell,CB,2016
1422,50401,Fahn Cooper,OT,2016
1423,50372,Jatavis Brown,OLB,2016
1424,50470,Andy Janovich,FB,2016
1425,50123,Temarrick Hemingway,TE,2016
1426,49433,D.J. White,CB,2016
1427,49968,Drew Kaser,P,2016
1428,49534,Tyrone Holmes,DE,2016
1429,50460,Keenan Reynolds,WR,2016
1430,49903,Devante Bond,OLB,2016
1431,50105,Jerell Adams,TE,2016
1432,50277,Deandre Houston-Carson,S,2016
1433,50486,Jakeem Grant,WR,2016
1434,50000,Nate Sudfeld,QB,2016
1435,50459,David Morgan,TE,2016
1436,49464,Anthony Brown,CB,2016
1437,49781,Josh Forrest,ILB,2016
1438,50003,Jake Rudock,QB,2016
1439,50154,Kolby Listenbee,WR,2016
1440,49830,Sebastian Tretola,OG,2016
1441,49886,Cory James,OLB,2016
1442,49869,Wes Schweitzer,OG,2016
1443,49470,Blake Countess,CB,2016
1444,49718,Dan Vitale,FB,2016
1445,49719,Derek Watt,FB,2016
1446,50159,Cody Core,WR,2016
1447,49922,Kyle Murphy,OT,2016
1448,50001,Brandon Allen,QB,2016
1449,49528,Anthony Zettel,DE,2016
1450,49878,Dadi Lhomme Nicolas,OLB,2016
1451,49602,Jordan Lucas,S,2016
1452,49466,Harlan Miller,CB,2016
1453,50130,Michael Thomas,WR,2016
1454,49999,Jeff Driskel,QB,2016
1455,50543,Kamu Grugier-Hill,CB,2016
1456,49454,Maurice Canady,CB,2016
1457,49811,Jimmy Landes,LS,2016
1458,50422,Kelvin Taylor,RB,2016
1459,50468,Kavon Frazier,S,2016
1460,50441,Aaron Burbridge,WR,2016
1461,50304,Elandon Roberts,ILB,2016
1462,50320,Joey Hunt,C,2016
1463,50426,Darius Jackson,RB,2016
1464,49440,Kevon Seymour,CB,2016
1465,49626,Will Parks,S,2016
1466,50458,Aaron Wallace,OLB,2016
1467,50002,Brandon Doughty,QB,2016
1468,50343,Donavon Clark,OG,2016
1469,50453,Devin Lucien,WR,2016
1470,49551,Jonathan Woodard,DE,2016
1471,50367,Stephen Weatherly,OLB,2016
1472,49970,Riley Dixon,P,2016
1473,50440,Demarcus Ayers,WR,2016
1474,50447,Daniel Braverman,WR,2016
1475,50443,Thomas Duarte,WR,2016
1476,49793,Steven Daniels,ILB,2016
1477,49592,Jalen Mills,S,2016
1478,49831,Vadal Alexander,OG,2016
1479,50425,Dwayne Washington,RB,2016
1480,50033,Daniel Lasco,RB,2016
1481,50189,Devin Fuller,WR,2016
1482,49910,Trevor Bates,OLB,2016
1483,50263,Alex Mccalister,DE,2016
1484,50165,Charone Peake,WR,2016
1485,50427,Keith Marshall,RB,2016
1486,50437,Kenny Lawler,WR,2016
1487,50271,Jayron Kearse,S,2016
1488,49600,Clayton Fejedelem,S,2016
1489,49769,Tyler Matakevich,ILB,2016
1490,50429,Zac Brooks,RB,2016
1491,50310,Austin Blythe,C,2016
1492,50249,Prince Charles Iworah,CB,2016
1493,49757,Scooby Wright III,ILB,2016
1494,49786,Joe Walker,ILB,2016
1495,50433,Beau Sandland,TE,2016
1496,50254,Kalan Reed,CB,2016
1497,49439,Briean Boddy-Calhoun,CB,2016
1498,49590,Jeremy Cash,S,2016
1499,50272,Tyvis Powell,S,2016
1500,50434,Benjamin Braunecker,TE,2016
1501,50152,Devon Cajuste,WR,2016
1502,49595,Trae Elston,S,2016
1503,50031,Josh Ferguson,RB,2016
1504,49527,Jason Fanaika,DE,2016
1505,49662,Antwaun Woods,DT,2016
1506,50147,Chris Brown,WR,2016
1507,49884,James Cowser,OLB,2016
1508,49447,Jonathan Jones,CB,2016
1509,50137,Cayleb Jones,WR,2016
1510,50289,Darius Latham,DT,2016
1511,49819,Jack Allen,C,2016
1512,50160,Rashawn Scott,WR,2016
1513,50148,Marquez North,WR,2016
1514,50371,Victor Ochi,OLB,2016
1515,50150,Keyarris Garrett,WR,2016
1516,50398,Davante Harris,OT,2016
1517,50144,Byron Marshall,WR,2016
1518,49658,Nile Lawrence-Stample,DT,2016
1519,49758,Jared Norris,ILB,2016
1520,50142,Hunter Sharp,WR,2016
1521,50442,Bralon Addison,WR,2016
1522,49487,Deandre Elliott,CB,2016
1523,49823,Matt Skura,C,2016
1524,50339,Landon Turner,OG,2016
1525,50395,Avery Young,OT,2016
1526,50481,D.J. Foster,WR,2016
1527,50347,Darrell Greene,OG,2016
1528,50290,Cory Johnson,DT,2016
1529,50303,Steve Longa,ILB,2016
1530,49533,Romeo Okwara,DE,2016
1531,49594,Elijah Shumate,S,2016
1532,50041,Brandon Wilds,RB,2016
1533,50099,Bryce Williams,TE,2016
1534,50162,Paul McRoberts,WR,2016
1535,49540,Ufomba Kamalu,DE,2016
1536,50503,Terrance Smith,ILB,2016
1537,50302,Beniquez Brown,ILB,2016
1538,49930,Tyler Johnstone,OT,2016
1539,49879,Eric Striker,OLB,2016
1540,50446,Roger Lewis,WR,2016
1541,50438,Jalin Marshall,WR,2016
1542,49675,Joel Heath,DT,2016
1543,49531,Aziz Shittu,DE,2016
1544,49564,Ron Thompson,DE,2016
1545,50492,Cleveland Wallace III,CB,2016
1546,50182,Jay Lee,WR,2016
1547,50103,Jake Mcgee,TE,2016
1548,49453,Nick Vanhoose,CB,2016
1549,50172,Stephen Anderson,WR,2016
1550,50037,Devon Johnson,RB,2016
1551,50335,Denver Kirkland,OG,2016
1552,50141,Mekale Mckay,WR,2016
1553,49444,V'Angelo Bentley,CB,2016
1554,50527,Henry Krieger-Coble,TE,2016
1555,50368,Cassanova Mckinzy,OLB,2016
1556,49523,Shawn Oakman,DE,2016
1557,50194,Bryce Treggs,WR,2016
1558,50185,Geronimo Allison,WR,2016
1559,50311,Jake Brendel,C,2016
1561,49957,Brad Craddock,PK,2016
1562,50109,Ryan Malleck,TE,2016
1563,49933,Stephane Nembot,OT,2016
1564,50494,D.J. Pettway,DE,2016
1565,49674,Connor Wujciak,DT,2016
1566,50039,Aaron Green,RB,2016
1567,49463,Cre'Von Leblanc,CB,2016
1568,49668,Luther Maddy,DT,2016
1569,50466,Mehdi Abdesmad,DE,2016
1570,49842,Joe Cheek,OG,2016
1571,50048,Marshaun Coprich,RB,2016
1572,50312,Kyle Friend,C,2016
1573,50297,Glenn Gronkowski,FB,2016
1574,49460,Kevin Peterson,CB,2016
1575,50439,De'Runnya Wilson,WR,2016
1576,50300,Dominique Alexander,ILB,2016
1578,50045,Tra Carson,RB,2016
1579,49881,Curt Maggitt,OLB,2016
1580,49686,Chris Mayes,DT,2016
1581,49449,Ken Crawley,CB,2016
1582,49882,Kris Frost,OLB,2016
1583,50059,Jhurell Pressley,RB,2016
1584,50406,Pearce Slater,OT,2016
1585,50264,Lawrence Thomas,DE,2016
1586,50428,Peyton Barber,RB,2016
1587,49550,Jimmy Bean,DE,2016
1588,50431,David Grinnage,TE,2016
1589,49485,De'Vante Harris,CB,2016
1590,50451,K J Maye,WR,2016
1591,50334,Alex Redmond,OG,2016
1592,50004,Josh Woodrum,QB,2016
1593,49599,Jordan Simone,S,2016
1595,50449,Trae Boykin,WR,2016
1596,49892,Cory Littleton,OLB,2016
1597,50517,Vernon Adams Jr.,QB,2016
1598,49598,Jordan Lomax,S,2016
1599,50036,Tre Madden,RB,2016
1600,50467,Giorgio Newberry,DE,2016
1601,49554,Sterling Bailey,DE,2016
1602,50279,Tevin Carter,S,2016
1603,49536,Reggie Gilbert,DE,2016
1604,50483,Dominick Jackson,OG,2016
1605,50369,Desmond Morgan,OLB,2016
1606,49776,Gionni Paul,ILB,2016
1607,50179,Alonzo Russell,WR,2016
1609,49558,Vontarrius Dora,DE,2016
1610,50201,Johnny Holton,WR,2016
1611,49784,Raphael Kirby,ILB,2016
1613,49820,Mike Matthews,C,2016
1615,49969,Will Monday,P,2016
1616,49962,Jaden Oberkrom,PK,2016
1617,49532,Mario Ojemudia,DE,2016
1618,50375,Montese Overton,OLB,2016
1619,49996,Mike Bercovici,QB,2016
1620,51534,Myles Garrett,DE,2017
1621,51705,Mitchell Trubisky,QB,2017
1622,51730,Solomon Thomas,DT,2017
1623,51572,Leonard Fournette,RB,2017
1624,51674,Corey Davis,WR,2017
1625,52106,Jamal Adams,S,2017
1626,51583,Mike Williams,WR,2017
1627,51575,Christian McCaffrey,RB,2017
1628,51811,John Ross,WR,2017
1629,52092,Patrick Mahomes,QB,2017
1630,52107,Marshon Lattimore,CB,2017
1631,51563,Deshaun Watson,QB,2017
1632,51931,Haason Reddick,ILB,2017
1633,51532,Derek Barnett,DE,2017
1634,52108,Malik Hooker,S,2017
1635,51719,Marlon Humphrey,CB,2017
1636,51744,Jonathan Allen,DT,2017
1637,51594,Adoree' Jackson,CB,2017
1638,51578,O.J. Howard,TE,2017
1639,51774,Garett Bolles,OT,2017
1640,51992,Jarrad Davis,ILB,2017
1641,51991,Charles Harris,OLB,2017
1642,51667,Evan Engram,TE,2017
1643,52110,Gareon Conley,CB,2017
1644,51604,Jabrill Peppers,S,2017
1645,52005,Takkarist McKinley,DE,2017
1646,48609,Tre'Davious White,CB,2017
1647,51689,Taco Charlton,DE,2017
1648,51793,David Njoku,TE,2017
1649,52093,T.J. Watt,OLB,2017
1650,51554,Reuben Foster,ILB,2017
1651,51701,Ryan Ramczyk,OT,2017
1652,52109,Kevin King,CB,2017
1653,51562,Cam Robinson,OT,2017
1654,51610,Malik McDowell,DT,2017
1655,52098,Budda Baker,S,2017
1656,51683,Zay Jones,WR,2017
1657,51767,Forrest Lamp,OG,2017
1658,51546,Marcus Maye,S,2017
1659,51813,Curtis Samuel,WR,2017
1660,51658,Dalvin Cook,RB,2017
1661,52113,Marcus Williams,S,2017
1662,51720,Sidney Jones,CB,2017
1663,51669,Gerald Everett,TE,2017
1664,52097,Quincy Wilson,CB,2017
1665,51643,Tyus Bowser,OLB,2017
1666,51784,Joe Mixon,RB,2017
1667,51557,Ryan Anderson,OLB,2017
1668,51605,Justin Evans,S,2017
1669,51601,DeMarcus Walker,DE,2017
1670,51681,DeShone Kizer,QB,2017
1671,52114,Teez Tabor,CB,2017
1672,51621,Raekwon McMillan,ILB,2017
1673,51547,Dalvin Tomlinson,DT,2017
1674,52100,Obi Melifonwu,S,2017
1675,51551,Zach Cunningham,ILB,2017
1676,51556,Ethan Pocic,C,2017
1677,51728,Tanoh Kpassagnon,DE,2017
1678,52112,Chidobe Awuzie,CB,2017
1679,52111,Josh Jones,S,2017
1680,51581,JuJu Smith-Schuster,WR,2017
1681,51839,Dion Dawkins,OG,2017
1682,51760,Taylor Moton,OT,2017
1683,51678,Larry Ogunjobi,DT,2017
1684,51977,Ahkello Witherspoon,CB,2017
1685,51783,Alvin Kamara,RB,2017
1686,51599,Dawaune Smoot,DE,2017
1687,51682,Cooper Kupp,WR,2017
1688,51628,Pat Elflein,C,2017
1689,51633,Dan Feeney,OG,2017
1690,51710,Taywan Taylor,WR,2017
1691,51726,Jordan Willis,DE,2017
1692,51613,Chris Wormley,DT,2017
1693,51750,Duke Riley,ILB,2017
1694,51755,Alex Anzalone,ILB,2017
1695,51639,Tim Williams,OLB,2017
1696,101496,ArDarius Stewart,WR,2017
1697,51729,Tarell Basham,DE,2017
1698,48660,Fabian Moreau,CB,2017
1699,51815,Carlos Henderson,WR,2017
1700,51823,Derek Rivers,OLB,2017
1701,51796,Chris Godwin,WR,2017
1702,52043,Antonio Garcia,OT,2017
1703,51662,Kareem Hunt,RB,2017
1704,51680,Davis Webb,QB,2017
1705,48838,Eddie Vanderdoes,DT,2017
1706,51716,D'Onta Foreman,RB,2017
1707,51980,Shaquill Griffin,CB,2017
1708,51734,John Johnson,S,2017
1709,51591,Jourdan Lewis,CB,2017
1710,51548,Montravius Adams,DT,2017
1711,51523,Cam Sutton,CB,2017
1712,51694,Delano Hill,S,2017
1713,51987,Kenny Golladay,WR,2017
1714,51590,Cordrea Tankersley,CB,2017
1715,52077,Chad Williams,WR,2017
1716,51817,Rasul Douglas,CB,2017
1717,51828,Jonnu Smith,TE,2017
1718,51722,Brendan Langley,CB,2017
1719,51746,Nazair Jones,DT,2017
1720,51715,Trey Hendrickson,DE,2017
1721,51564,C.J. Beathard,QB,2017
1722,51661,James Conner,RB,2017
1723,51644,Vince Biegel,OLB,2017
1724,51617,Jaleel Johnson,DT,2017
1725,51814,Dede Westbrook,WR,2017
1726,51868,Tedric Thompson,S,2017
1727,51545,Eddie Jackson,S,2017
1728,51735,Rayshawn Jenkins,S,2017
1729,51659,Samaje Perine,RB,2017
1730,51636,Dorian Johnson,OG,2017
1731,48703,Carl Lawson,DE,2017
1732,51587,Josh Reynolds,WR,2017
1733,51671,Mack Hollins,WR,2017
1734,51906,Tarik Cohen,RB,2017
1735,51753,Ben Gedeon,ILB,2017
1736,51901,Joe Williams,RB,2017
1737,51761,Nico Siragusa,OG,2017
1738,51740,Montae Nicholson,S,2017
1739,51993,Jalen Reeves-Maybin,OLB,2017
1740,100102,Samson Ebukam,OLB,2017
1741,51724,Howard Wilson,CB,2017
1742,51795,Michael Roberts,TE,2017
1743,51799,Josh Malone,WR,2017
1744,51759,David Sharpe,OG,2017
1745,51773,Julien Davenport,OT,2017
1746,51530,Deatrich Wise Jr.,DE,2017
1747,52088,Donnel Pumphrey,RB,2017
1748,51712,Ryan Switzer,WR,2017
1749,51333,Jamaal Williams,RB,2017
1750,51565,Joshua Dobbs,QB,2017
1751,52047,Sean Harlow,C,2017
1752,51652,Zach Banner,OT,2017
1753,51695,Ryan Glasgow,DT,2017
1754,51584,Jehu Chesson,WR,2017
1755,51660,Wayne Gallman,RB,2017
1756,51803,Chad Hansen,WR,2017
1757,51619,Carlos Watkins,DT,2017
1758,51792,Marlon Mack,RB,2017
1759,52095,Grover Stewart,DT,2017
1760,51664,Jake Butt,TE,2017
1761,51917,George Kittle,TE,2017
1762,51936,Blair Brown,ILB,2017
1763,51598,Damontae Kazee,CB,2017
1764,51665,Jordan Leggett,TE,2017
1765,51589,Desmond King,CB,2017
1766,51723,Corn Elder,CB,2017
1767,51775,Jake Elliott,PK,2017
1768,51577,Jeremy Sprinkle,TE,2017
1769,51990,Jayon Brown,OLB,2017
1770,51785,Brian Hill,RB,2017
1771,51999,Will Holden,OT,2017
1772,51829,Nate Hairston,CB,2017
1773,51703,Jermaine Eluemunor,OT,2017
1774,51647,Roderick Johnson,OT,2017
1775,52094,Anthony Walker Jr.,ILB,2017
1776,51786,Jeremy McNichols,RB,2017
1777,51645,Matt Milano,OLB,2017
1778,51762,Isaac Asiata,OG,2017
1779,101298,Jamal Agnew,CB,2017
1780,51849,Shelton Gibson,WR,2017
1781,51864,Avery Moss,DE,2017
1782,51890,Marquel Lee,OLB,2017
1783,51982,Treston Decoud,CB,2017
1784,51945,Rodney Adams,WR,2017
1785,51779,Nathan Peterman,QB,2017
1786,51802,Isaiah McKenzie,WR,2017
1787,51983,Brian Allen,CB,2017
1788,51847,Eric Saubert,TE,2017
1789,52072,Deangelo Yancey,WR,2017
1790,51946,J.J. Dielman,C,2017
1791,51804,Trent Taylor,WR,2017
1792,51747,Davon Godchaux,DT,2017
1793,52091,T.J. Logan,RB,2017
1794,51764,Danny Isidora,OG,2017
1795,51956,Dylan Donahue,DE,2017
1796,51788,Aaron Jones,RB,2017
1797,51880,Ukeme Eligwe,ILB,2017
1798,51549,Caleb Brantley,DT,2017
1799,51949,Chuck Clark,S,2017
1800,51874,Mike Tyson,S,2017
1801,51905,Elijah McGuire,RB,2017
1802,51742,Tanzel Smart,DT,2017
1803,51998,Sam Tevi,OT,2017
1804,51866,Xavier Woods,S,2017
1805,51882,Jordan Evans,ILB,2017
1806,51741,Vincent Taylor,DT,2017
1807,52003,Tanner Vallejo,OLB,2017
1808,51727,Al-Quadin Muhammad,DE,2017
1809,51687,Jeremy Clark,CB,2017
1810,51743,D.J. Jones,DT,2017
1811,51756,Chase Roullier,C,2017
1812,51989,Adam Bisnowaty,OG,2017
1813,51666,Bucky Hodges,TE,2017
1814,51948,Pita Taumoepenu,DE,2017
1815,51908,De'Angelo Henderson,RB,2017
1816,101414,Derrick Jones,CB,2017
1817,51996,Jeremiah Ledbetter,DE,2017
1818,51748,Sam Rogers,FB,2017
1819,51861,Brandon Wilson,CB,2017
1820,52044,Rudy Ford,S,2017
1821,51988,Robert Davis,WR,2017
1822,51824,Justin Senior,OT,2017
1823,51653,Conor McDermott,OT,2017
1824,101415,Kofi Amichia,OT,2017
1825,51627,Colin Holba,LS,2017
1826,51745,Elijah Qualls,DT,2017
1827,51567,Brad Kaaya,QB,2017
1828,51688,Marquez White,CB,2017
1829,51938,Corey Levin,OG,2017
1830,101406,Leon McQuay III,S,2017
1831,49372,Stacy Coley,WR,2017
1832,51966,Ifeadi Odenigbo,DE,2017
1833,51967,Shalom Luani,S,2017
1834,51979,Jalen Myrick,CB,2017
1835,51819,Stevie Tu'Ikolovatu,DT,2017
1836,51776,Zane Gonzalez,PK,2017
1837,51600,Isaac Rochell,DE,2017
1838,52081,David Moore,WR,2017
1839,51642,Josh Carraway,OLB,2017
1840,100078,Joey Ivie,DT,2017
1841,101390,Adrian Colbert,S,2017
1842,51607,Josh Harvey-Clemons,S,2017
1843,100083,Jylan Ware,OT,2017
1844,51972,Harrison Butker,PK,2017
1845,48753,Ejuan Price,OLB,2017
1846,51856,Josh Holsey,CB,2017
1847,100160,Brad Seaton,OT,2017
1848,51709,Isaiah Ford,WR,2017
1849,52068,Devante Mays,RB,2017
1850,51798,Noah Brown,WR,2017
1851,52013,Marquez Williams,FB,2017
1852,52056,Khalfrani Muhammad,RB,2017
1853,51787,Elijah Hood,RB,2017
1854,51757,Kyle Fuller,C,2017
1855,51959,Treyvon Hester,DT,2017
1856,51978,Jack Tocho,CB,2017
1857,100206,Jordan Carrell,DT,2017
1858,51582,Malachi Dupre,WR,2017
1859,51862,Keion Adams,DE,2017
1860,51904,Christopher Carson,RB,2017
1861,100111,Pat O'Connor,DE,2017
1862,51833,Lorenzo Jerome,S,2017
1863,51708,Cole Hikutini,TE,2017
1864,51690,Keionta Davis,DE,2017
1865,51673,KD Cannon,WR,2017
1866,51937,Aviante Collins,OT,2017
1867,51630,Tyler Orlosky,C,2017
1868,52045,Jessamen Dunker,OT,2017
1869,51555,Jon Toth,C,2017
1870,51832,Jadar Johnson,S,2017
1871,51822,Carroll Phillips,OLB,2017
1872,51618,Jarron Jones,DT,2017
1873,51758,Damien Mama,OG,2017
1874,51807,Amba Etta-Tawo,WR,2017
1875,51713,Bug Howard,WR,2017
1876,52046,Devonte Fields,DE,2017
1877,51579,Fred Ross,WR,2017
1878,51964,Ben Braden,OG,2017
1879,51932,Scott Orndoff,TE,2017
1880,51611,Charles Walker,DT,2017
1881,49304,Travin Dural,WR,2017
1882,49205,Corey Clement,RB,2017
1883,51593,Ashton Lampkin,CB,2017
1884,51863,Praise Martin-Oguike,DE,2017
1885,51649,Chad Wheeler,OT,2017
1886,51801,Speedy Noil,WR,2017
1887,48816,Damarius Travis,S,2017
1888,51986,Zach Pascal,WR,2017
1889,52000,Tashawn Bower,OLB,2017
1890,51995,Bryan Cox,OLB,2017
1891,51691,Ken Ekanem,DE,2017
1892,51926,Michael Rector,WR,2017
1893,51844,Dare Ogunbowale,RB,2017
1894,51731,Garrett Sickels,DE,2017
1895,51751,Marcus Oliver,ILB,2017
1896,51663,De'Veon Smith,RB,2017
1897,51848,Billy Brown,TE,2017
1898,51623,Keith Kelsey,ILB,2017
1899,51809,Jerome Lane,WR,2017
1900,51538,A.J. Jefferson,DE,2017
1901,51711,James Quick,WR,2017
1902,51614,DeAngelo Brown,DT,2017
1903,51965,Collin Buchanan,OT,2017
1904,51800,Damore'ea Stringfellow,WR,2017
1905,51704,Avery Gennesy,OT,2017
1906,51625,Hardy Nickerson,ILB,2017
1907,51805,Jamari Staples,WR,2017
1908,51672,Travis Rudolph,WR,2017
1909,51850,Quincy Adeboyejo,WR,2017
1910,51963,Cethan Carter,TE,2017
1911,52004,Noble Nwachukwu,DE,2017
1912,51953,Cameron Lee,OG,2017
1913,51857,Will Likely,CB,2017
1914,101498,Artavis Scott,WR,2017
1915,51843,Jermaine Grace,OLB,2017
1916,51797,Aris Scott,WR,2017
1917,51940,Jahad Thomas,RB,2017
1918,51637,Greg Pyke,OG,2017
1919,51626,Harvey Langi,ILB,2017
1920,51580,Ricky Seals-Jones,WR,2017
1921,101258,Jason Croom,TE,2017
1922,51820,Connor Harris,ILB,2017
1923,51962,Cameron Johnston,P,2017
1924,51638,Kyle Kalis,OG,2017
1925,51789,Devine Redding,RB,2017
1926,51629,Cameron Tom,C,2017
1927,51686,Channing Stribling,CB,2017
1928,51944,Rushel Shell,RB,2017
1929,51622,Ben Boulware,ILB,2017
1930,51634,Caleb Peterson,OG,2017
1931,51855,Sojourn Shelton,CB,2017
1932,51608,Ahmad Thomas,S,2017
1933,51670,Blake Jarwin,TE,2017
1934,51852,Keevan Lucas,WR,2017
1935,51939,Jerry Ugokwe,OT,2017
1936,51749,Freddie Stevenson,FB,2017
1937,51675,Gabe Marks,WR,2017
1938,51624,Riley Bullough,ILB,2017
1939,51919,Darrell Daniels,TE,2017
1940,51721,Ezra Robinson,CB,2017
1941,51768,Steven Taylor,OLB,2017
1942,51528,Corey Vereen,DE,2017
1943,52101,Jamal Carter,S,2017
1944,51955,Chunky Clements,DT,2017
1945,51553,Brooks Ellis,ILB,2017
1946,51486,Keon Hatcher,WR,2017
1947,51540,Lewis Neal,DE,2017
1948,51560,Dan Skipper,OT,2017
1949,51942,Fadol Brown,DE,2017
1950,52103,Demetrious Cox,S,2017
1951,51947,Javarius Leamon,OT,2017
1952,51592,Cole Luke,CB,2017
1953,52048,Alek Torgersen,QB,2017
1954,52102,Dymonte Thomas,S,2017
1955,51934,Kevin Davis,ILB,2017
1956,51958,Erik Austell,OT,2017
1957,52104,Orion Stewart,S,2017
1958,51951,Conrad Ukropina,PK,2017
1959,51950,Noel Thomas,WR,2017
1960,52049,Justin Vogel,P,2017
1961,52096,Stanley Williams,RB,2017
1962,51984,Kermit Whitfield,WR,2017
1963,52105,Jordan Sterns,S,2017
1965,51777,Toby Baker,P,2017
1966,51985,Drew Morgan,WR,2017
1967,51842,Adam Pankey,OG,2017
1968,51928,Jalen Robinette,WR,2017
1969,51872,David Jones,S,2017
1970,51668,Pharaoh Brown,TE,2017
1971,52001,Daniel Brunskill,C,2017
1972,100032,Hunter Dimick,DE,2017
1973,51569,Mitch Leidner,QB,2017
1974,101525,Baker Mayfield,QB,2018
1975,101507,Saquon Barkley,RB,2018
1976,101504,Sam Darnold,QB,2018
1977,101662,Denzel Ward,CB,2018
1978,101508,Bradley Chubb,DE,2018
1979,101518,Quenton Nelson,OG,2018
1980,101505,Josh Allen,QB,2018
1981,101520,Roquan Smith,OLB,2018
1982,101516,Mike McGlinchey,OT,2018
1983,101506,Josh Rosen,QB,2018
1984,101660,Minkah Fitzpatrick,S,2018
1985,101526,Vita Vea,DT,2018
1986,101536,Da'Ron Payne,DT,2018
1987,101603,Marcus Davenport,DE,2018
1988,101788,Kolton Miller,OT,2018
1989,101528,Tremaine Edmunds,OLB,2018
1990,101661,Derwin James,S,2018
1991,101675,Jaire Alexander,CB,2018
1992,101747,Leighton Vander Esch,ILB,2018
1993,101708,Frank Ragnow,C,2018
1994,101706,Billy Price,C,2018
1995,101532,Rashaan Evans,ILB,2018
1996,101729,Isaiah Wynn,OG,2018
1997,101759,D.J. Moore,WR,2018
1998,101570,Hayden Hurst,TE,2018
1999,101515,Calvin Ridley,WR,2018
2000,101710,Rashaad Penny,RB,2018
2001,101847,Terrell Edmunds,S,2018
2002,101752,Taven Bryan,DT,2018
2003,101834,Mike Hughes,CB,2018
2004,101712,Sony Michel,RB,2018
2005,101568,Lamar Jackson,QB,2018
2006,101581,Austin Corbett,OG,2018
2007,101728,Will Hernandez,OG,2018
2008,101549,Nick Chubb,RB,2018
2009,101567,Darius Leonard,OLB,2018
2010,101554,Braden Smith,OG,2018
2011,101527,Ronald Jones II,RB,2018
2012,101707,James Daniels,C,2018
2013,101521,Courtland Sutton,WR,2018
2014,101510,Harold Landry,OLB,2018
2015,101558,Mike Gesicki,TE,2018
2016,101522,Kerryon Johnson,RB,2018
2017,101565,Dante Pettis,WR,2018
2018,101663,Josh Jackson,CB,2018
2019,101766,Breeland Speaks,DE,2018
2020,101517,Christian Kirk,WR,2018
2021,101590,Uchenna Nwosu,OLB,2018
2022,101538,Dallas Goedert,TE,2018
2023,101513,Connor Williams,OG,2018
2024,101607,Anthony Miller,WR,2018
2025,101736,Kemoko Turay,DE,2018
2026,101665,M.J. Stewart,CB,2018
2027,101836,Jessie Bates III,S,2018
2028,101838,Donte Jackson,CB,2018
2029,101697,Duke Dawson,CB,2018
2030,101933,P.J. Hall,DT,2018
2031,101751,Isaiah Oliver,CB,2018
2032,101514,Derrius Guice,RB,2018
2033,101552,James Washington,WR,2018
2034,101544,D.J. Chark,WR,2018
2035,101769,Brian O'Neill,OT,2018
2036,101841,Carlton Davis,CB,2018
2037,101562,Tyquan Lewis,DE,2018
2038,101586,Brandon Parker,OT,2018
2039,101540,Lorenzo Carter,OLB,2018
2040,101651,Chad Thomas,DE,2018
2041,101835,Justin Reid,S,2018
2042,101722,B.J. Hill,DT,2018
2043,101597,Fred Warner,ILB,2018
2044,101573,Royce Freeman,RB,2018
2045,101754,Nathan Shepherd,DT,2018
2046,101658,Jerome Baker,OLB,2018
2047,101837,Geron Christian,OT,2018
2048,101524,Derrick Nnadi,DT,2018
2049,101545,Mason Rudolph,QB,2018
2050,101530,Malik Jefferson,OLB,2018
2051,101787,Rasheem Green,DE,2018
2052,101529,Martinas Rankin,C,2018
2053,101615,Michael Gallup,WR,2018
2054,101689,Tracy Walker,S,2018
2055,101523,Orlando Brown,OT,2018
2056,101628,Justin Jones,DT,2018
2057,101852,Rashaan Gaulden,CB,2018
2058,101572,Mark Andrews,TE,2018
2059,101509,Arden Key,DE,2018
2060,101594,Oren Burks,OLB,2018
2061,101813,Joe Noteboom,OT,2018
2062,101711,Deadrin Senat,DT,2018
2063,101794,Tre'Quan Smith,WR,2018
2064,101534,Chukwuma Okorafor,OT,2018
2065,101664,Ronnie Harrison,S,2018
2066,101733,Alex Cappa,OT,2018
2067,101916,Tarvarius Moore,S,2018
2068,101776,Harrison Phillips,DT,2018
2069,101709,Mason Cole,C,2018
2070,101789,Jordan Akins,TE,2018
2071,101749,Isaac Yiadom,CB,2018
2072,101804,Dorian O'Daniel,OLB,2018
2073,101623,Ian Thomas,TE,2018
2074,101556,Jalyn Holmes,DE,2018
2075,101780,Keke Coutee,WR,2018
2076,101790,Nyheim Hines,RB,2018
2077,101561,Antonio Callaway,WR,2018
2078,101569,Josey Jewell,ILB,2018
2079,101642,Chris Herndon,TE,2018
2080,101735,Kyle Lauletta,QB,2018
2081,101851,Troy Apke,S,2018
2082,101785,Nick Nelson,CB,2018
2083,101619,Brian Allen,C,2018
2084,101600,Mark Walton,RB,2018
2085,101832,DaeSean Hamilton,WR,2018
2086,101566,Da'Shawn Hand,DE,2018
2087,101825,Joel Iyiegbuniwe,OLB,2018
2088,101555,Dorance Armstrong Jr.,DE,2018
2089,101681,Jordan Whitehead,S,2018
2090,101667,Anthony Averett,CB,2018
2091,101678,Kyzir White,S,2018
2092,102052,Will Dissly,TE,2018
2093,101714,Taron Johnson,CB,2018
2094,102393,Kenny Young,ILB,2018
2095,101617,Durham Smythe,TE,2018
2096,101671,Armani Watts,S,2018
2097,101865,Avonte Maddox,CB,2018
2098,101775,Ito Smith,RB,2018
2099,101996,Rick Leonard,OT,2018
2100,101585,Kentavius Street,DE,2018
2101,101846,Will Richardson,OT,2018
2102,101546,Josh Sweat,DE,2018
2103,101583,Kalen Ballage,RB,2018
2104,101636,Jaleel Scott,WR,2018
2105,101571,J'Mon Moore,WR,2018
2106,102744,Chase Edmonds,RB,2018
2107,101622,Marquis Haynes,OLB,2018
2108,101649,Dalton Schultz,TE,2018
2109,101737,Cole Madison,OT,2018
2110,101842,RJ McIntosh,DT,2018
2111,101512,Mo Hurst,DT,2018
2112,101691,Shaquem Griffin,OLB,2018
2113,101756,D.J. Reed,CB,2018
2114,101805,Ja'Whaun Bentley,ILB,2018
2115,101807,Justin Watson,WR,2018
2116,101821,Bilal Nichols,DT,2018
2117,101673,Tre Flowers,S,2018
2118,101598,Micah Kiser,ILB,2018
2119,101683,Marcus Allen,S,2018
2120,101843,Michael Dickson,P,2018
2121,102392,Genard Avery,ILB,2018
2122,101872,Davontae Harris,CB,2018
2123,101871,Dane Cruikshank,CB,2018
2124,101537,Tyrell Crosby,OT,2018
2125,101692,Siran Neal,CB,2018
2126,101574,Scott Quessenberry,C,2018
2127,101578,Troy Fumagalli,TE,2018
2128,101614,Tyler Conklin,TE,2018
2129,101716,Andrew Brown,DE,2018
2130,101796,Daurice Fountain,WR,2018
2131,101551,Obo Okoronkwo,OLB,2018
2132,102612,Jermaine Carter,CB,2018
2133,101839,Jordan Lasley,WR,2018
2134,101840,Tim Settle,DT,2018
2135,101894,Natrell Jamerson,S,2018
2136,101742,Jaylen Samuels,FB,2018
2137,101732,Wyatt Teller,OG,2018
2138,101745,Daniel Carlson,PK,2018
2139,101715,Jamarco Jones,OT,2018
2140,102030,Jordan Wilkins,RB,2018
2141,101721,Darius Phillips,CB,2018
2142,101717,Mike White,QB,2018
2143,101853,JK Scott,P,2018
2144,101855,Johnny Townsend,P,2018
2145,101850,Marquez Valdes-Scantling,WR,2018
2146,102341,Damion Ratley,WR,2018
2147,101777,John Kelly,RB,2018
2148,101588,Duke Ejiofor,DE,2018
2149,101806,Christian Sam,OLB,2018
2150,101876,Parry Nickerson,CB,2018
2151,101791,Folorunso Fatukasi,DT,2018
2152,101627,Kylie Fitts,DE,2018
2153,101676,Chris Campbell,CB,2018
2154,101793,Sam Jones,OG,2018
2155,101720,Marcell Harris,S,2018
2156,101579,Deon Cain,WR,2018
2157,102492,Jake Martin,OLB,2018
2158,101800,Ray-Ray McCloud,WR,2018
2159,102636,Simeon Thomas,CB,2018
2160,101748,Kamrin Moore,CB,2018
2161,101779,DeShon Elliott,S,2018
2162,101635,Dylan Cantrell,WR,2018
2163,101827,Jamil Demby,OT,2018
2164,101981,Chris Covington,OLB,2018
2165,102094,Russell Gage,WR,2018
2166,102348,Sebastian Joseph,DT,2018
2167,102604,Tremon Smith,CB,2018
2168,101606,Shaun Dion Hamilton,ILB,2018
2169,101811,Kahlil McKenzie,DT,2018
2170,101541,Luke Falk,QB,2018
2171,102683,Foyesade Oluokun,S,2018
2172,102192,Boston Scott,RB,2018
2173,101596,Jack Cichy,ILB,2018
2174,101764,Tanner Lee,QB,2018
2175,102047,Trenton Cannon,RB,2018
2176,101531,Trevon Young,DE,2018
2177,101844,Matt Pryor,OT,2018
2178,101808,Equanimeous St. Brown,WR,2018
2179,101833,Cedrick Wilson,WR,2018
2180,102621,Cornell Armstrong,CB,2018
2181,101761,Braxton Berrios,WR,2018
2182,101819,Jordan Thomas,TE,2018
2183,101826,Greg Senat,OT,2018
2184,101810,Colby Gossett,OG,2018
2185,101982,Peter Kalambayi,OLB,2018
2186,101860,Bradley Bozeman,C,2018
2187,101535,Azeem Victor,ILB,2018
2188,101543,Keishawn Bierria,OLB,2018
2189,101580,Ade Aruna,DE,2018
2190,102020,Danny Etling,QB,2018
2191,102585,Alex Mcgough,QB,2018
2192,102412,Matthew Adams,ILB,2018
2193,102648,Jermaine Kelly,CB,2018
2194,102357,Jullian Taylor,DT,2018
2195,101734,Javon Wims,WR,2018
2196,102670,Devante Downs,CB,2018
2197,102050,David Williams,RB,2018
2198,102399,Quentin Poling,ILB,2018
2199,101587,Marcell Ateman,WR,2018
2200,102573,Jason Sanders,PK,2018
2201,101824,Leon Jacobs,OLB,2018
2202,102499,Travin Howard,OLB,2018
2203,101765,Andre Smith,ILB,2018
2204,102418,Zaire Franklin,ILB,2018
2205,101539,Bo Scarbrough,RB,2018
2206,101770,Nick Bawden,FB,2018
2207,102161,Zach Sieler,DE,2018
2208,101954,Hunter Bradley,LS,2018
2209,101762,Richie James,WR,2018
2210,101870,Greg Stroman,CB,2018
2211,101803,Kendrick Norton,DT,2018
2212,102614,Keion Crossen,CB,2018
2213,101801,Justin Lawler,DE,2018
2214,101563,Will Clapp,OG,2018
2215,101926,Joshua Frazier,DT,2018
2216,102746,Logan Cooke,P,2018
2217,102496,Kendall Donnerson,OLB,2018
2218,101859,Logan Woodside,QB,2018
2219,101576,Ryan Izzo,TE,2018
2220,101778,Holton Hill,CB,2018
2221,101713,Desmond Harrison,OT,2018
2222,101584,Allen Lazard,WR,2018
2223,101668,Kevin Toliver,CB,2018
2224,101758,J.C. Jackson,CB,2018
2225,101783,Hercules Mata'afa,DT,2018
2226,101557,Akrum Wadley,RB,2018
2227,101666,Tarvarus McFadden,CB,2018
2228,101848,Jeff Holland,OLB,2018
2229,101593,Trenton Thompson,DT,2018
2230,101755,Simmie Cobbs,WR,2018
2231,101685,Danny Johnson,CB,2018
2232,101771,Kameron Kelly,S,2018
2233,101724,Sean Welsh,OG,2018
2234,101670,Godwin Igwebuike,S,2018
2235,101726,Davin Bellamy,OLB,2018
2236,101723,Nick DeLuca,ILB,2018
2237,101792,Toby Weathersby,OT,2018
2238,101687,Chandon Sullivan,CB,2018
2239,101560,Tegray Scales,OLB,2018
2240,101849,Josh Adams,RB,2018
2241,101688,D'Montre Wade,CB,2018
2242,101564,James Hearns,OLB,2018
2243,101869,Grant Haley,CB,2018
2244,101909,Stephen Roberts,S,2018
2245,101604,Timon Parris,OT,2018
2246,101648,Deontay Burnett,WR,2018
2247,101613,Jeromy Irwin,OG,2018
2248,101684,Quin Blanding,S,2018
2249,101705,Quenton Meeks,CB,2018
2250,101828,Kyle Allen,QB,2018
2251,101672,Rashard Fant,CB,2018
2252,101694,Trayvon Henderson,S,2018
2253,101774,Maea Teuhema,OG,2018
2254,102051,David Wells,TE,2018
2255,101682,Tony Brown,CB,2018
2256,101781,Olasunkanmi Adenyi,DE,2018
2257,101602,Jester Weah,WR,2018
2258,101610,Skai Moore,OLB,2018
2259,101577,Skyler Phillips,C,2018
2260,101695,Michael Joseph,CB,2018
2261,102793,Michael Joseph,CB,2018
2262,101718,Jeremy Reaves,S,2018
2263,101740,John Atkins,DT,2018
2264,101719,Levi Wallace,CB,2018
2265,102067,Davon Grayson,WR,2018
2266,101856,Damon Webb,S,2018
2267,101829,Chase Litton,QB,2018
2268,101786,Brendan Mahon,OG,2018
2269,101616,Kurt Benkert,QB,2018
2270,101874,Andre Chachere,CB,2018
2271,101925,Taylor Stallworth,DT,2018
2272,101857,Poona Ford,DT,2018
2273,101739,Dimitri Flowers,FB,2018
2274,101863,JaMarcus King,CB,2018
2275,101595,Mike McCray,ILB,2018
2276,101798,Dewey Jarvis,OLB,2018
2277,101547,Lowell Lotulelei,DT,2018
2278,101763,Nick Gates,OT,2018
2279,101629,Brandon Lingen,TE,2018
2280,101858,Jaryd Jones-Smith,OG,2018
2281,101741,Garret Dooley,OLB,2018
2282,101802,JoJo Wicker,DT,2018
2283,101738,KC McDermott,OG,2018
2284,101686,Sean Chandler,S,2018
2285,101995,David Bright,OT,2018
2286,101878,Jalen Davis,CB,2018
2287,101592,Chris Worley,ILB,2018
2288,101625,Jake Wieneke,WR,2018
2289,101680,Brandon Facyson,CB,2018
2290,101605,Zay Henderson,DT,2018
2291,101750,Taylor Hearn,OG,2018
2292,101632,Dejon Allen,OT,2018
2293,101746,Tray Matthews,S,2018
2294,101757,Byron Pringle,WR,2018
2295,101958,Coleman Shelton,C,2018
2296,101674,Cole Reyes,S,2018
2297,101817,Eddy Wilson,DT,2018
2298,101634,Marcus Baugh,TE,2018
2299,101897,Matt Dickerson,DE,2018
2300,101589,Demario Richard,RB,2018
2301,101620,Curtis Cothran,DT,2018
2302,101637,Deandre Goolsby,TE,2018
2303,101898,Darius Jackson,DE,2018
2304,101744,Tre' Williams,ILB,2018
2305,101795,Greg Gilmore,DT,2018
2306,101809,Du'Vonta Lampkin,DT,2018
2307,101861,Brad Lundblade,C,2018
2308,101641,Christian DiLauro,OT,2018
2309,101768,Ryan Nall,RB,2018
2310,101727,Josh Fatu,DT,2018
2311,101812,Myles Pierce,ILB,2018
2312,101862,Jake Bennett,C,2018
2313,101731,Cody O'Connell,OG,2018
2314,101591,Riley Ferguson,QB,2018
2315,102072,Jeff Badet,WR,2018
2316,101818,Brett Toth,OT,2018
2318,101814,Jason Cabinda,ILB,2018
2319,101609,Matthew Thomas,OLB,2018
2320,101797,Christian LaCouture,DT,2018
2321,101830,Darrel Williams,RB,2018
2322,101967,K.J. Malone,OG,2018
2323,101679,Jamar Summers,CB,2018
2324,101896,Olubunmi Rotimi,DE,2018
2325,101624,Darren Carrington,WR,2018
2329,102602,Kyle Queiro,S,2018
2330,101645,Quadree Henderson,WR,2018
2333,102066,Cam Phillips,WR,2018
2335,101823,Khalid Hill,FB,2018
2337,102491,Ja'Von Rolland-Jones,OLB,2018
2338,101864,Austin Allen,QB,2018
2339,101867,Kyle Hicks,RB,2018
2340,102236,Nick Keizer,TE,2018
2341,103832,Kyler Murray,QB,2019
2342,103504,Nick Bosa,DE,2019
2343,103509,Quinnen Williams,DT,2019
2344,103514,Clelin Ferrell,DE,2019
2345,103507,Devin White,ILB,2019
2346,103572,Daniel Jones,QB,2019
2347,103524,Josh Allen,OLB,2019
2348,103545,T.J. Hockenson,TE,2019
2349,103505,Ed Oliver,DT,2019
2350,103522,Devin Bush,ILB,2019
2351,103513,Jonah Williams,OT,2019
2352,103508,Rashan Gary,DE,2019
2353,103516,Christian Wilkins,DT,2019
2354,103621,Chris Lindstrom,OG,2019
2355,103560,Dwayne Haskins,QB,2019
2356,103525,Brian Burns,OLB,2019
2357,103510,Dexter Lawrence,DT,2019
2358,103726,Garrett Bradbury,C,2019
2359,103519,Jeffery Simmons,DT,2019
2360,103528,Noah Fant,TE,2019
2361,103927,Darnell Savage Jr.,S,2019
2362,103569,Andre Dillard,OT,2019
2363,103749,Tytus Howard,OT,2019
2364,103839,Josh Jacobs,RB,2019
2365,103527,Marquise Brown,WR,2019
2366,103523,Montez Sweat,DE,2019
2367,103531,Johnathan Abram,S,2019
2368,103538,Jerry Tillery,DT,2019
2369,103766,L.J. Collier,DE,2019
2370,103518,Deandre Baker,CB,2019
2371,103566,Kaleb McGary,OT,2019
2372,103534,N'Keal Harry,WR,2019
2373,103578,Byron Murphy,CB,2019
2374,103745,Rock Ya-Sin,CB,2019
2375,103515,Jawaan Taylor,OT,2019
2376,103567,Deebo Samuel,WR,2019
2377,103511,Greg Little,OT,2019
2378,103713,Cody Ford,OT,2019
2379,103891,Sean Bunting,CB,2019
2380,103840,Trayvon Mullen,CB,2019
2381,103680,Dalton Risner,OT,2019
2382,103589,Drew Lock,QB,2019
2383,103751,Jahlani Tavai,ILB,2019
2384,103535,Elgton Jenkins,C,2019
2385,103875,Joejuan Williams,CB,2019
2386,103506,Greedy Williams,CB,2019
2387,103650,Marquise Blair,S,2019
2388,103735,Erik McCoy,C,2019
2389,103649,Ben Banogu,OLB,2019
2390,103530,Irv Smith Jr.,TE,2019
2391,103532,A.J. Brown,WR,2019
2392,103756,Drew Sample,TE,2019
2393,103596,Miles Sanders,RB,2019
2394,103598,Lonnie Johnson Jr.,CB,2019
2395,103611,Max Scharping,OT,2019
2396,103860,Mecole Hardman,WR,2019
2397,103574,JJ Arcega-Whiteside,WR,2019
2398,103870,Trysten Hill,DT,2019
2399,103553,Parris Campbell,WR,2019
2400,103728,Nasir Adderley,S,2019
2401,103541,Taylor Rapp,S,2019
2402,103715,Andy Isabella,WR,2019
2403,103727,Juan Thornhill,S,2019
2404,103557,DK Metcalf,WR,2019
2405,103520,Zach Allen,DE,2019
2406,103915,Diontae Johnson,WR,2019
2407,103716,Jalen Hurd,WR,2019
2408,103526,Jachai Polite,DE,2019
2409,103783,Josh Oliver,TE,2019
2410,103841,Darrell Henderson,RB,2019
2411,103529,Dre'Mont Jones,DT,2019
2412,103724,Germaine Pratt,OLB,2019
2413,103573,David Montgomery,RB,2019
2414,103678,Devin Singletary,RB,2019
2415,103848,Jace Sternberger,TE,2019
2416,103800,Terry McLaurin,WR,2019
2417,103565,Michael Deiter,OG,2019
2418,103842,David Long,CB,2019
2419,103947,Sione Takitaki,OLB,2019
2420,103738,Will Harris,S,2019
2421,103730,Nate Davis,OG,2019
2422,103847,Justin Layne,CB,2019
2423,103782,Khalen Saunders,DT,2019
2424,103537,Jaylon Ferguson,DE,2019
2425,103892,Kahale Warring,TE,2019
2426,103533,Damien Harris,RB,2019
2427,103798,Cody Barton,OLB,2019
2428,103615,Bobby Okereke,OLB,2019
2429,103857,Connor McGovern,OG,2019
2430,104038,Trey Pipkins,OT,2019
2431,103785,Chuma Edoga,OT,2019
2432,103864,Miles Boykin,WR,2019
2433,103733,Jamel Dean,CB,2019
2434,103551,Oshane Ximines,DE,2019
2435,103725,Dawson Knox,TE,2019
2436,103861,Bobby Evans,OT,2019
2437,104039,Quincy Williams,S,2019
2438,103739,Mike Edwards,S,2019
2439,103539,Will Grier,QB,2019
2440,103747,Yodny Cajuste,OT,2019
2441,103672,Alexander Mattison,RB,2019
2442,103546,Hakeem Butler,WR,2019
2443,103552,Ryan Finley,QB,2019
2444,103550,Chauncey Gardner-Johnson,S,2019
2445,103868,Maxx Crosby,DE,2019
2446,103856,Anthony Nelson,DE,2019
2447,103540,Julian Love,CB,2019
2448,103748,Khari Willis,S,2019
2449,103685,Mitch Wishnowsky,P,2019
2450,103898,Kendall Sheffield,CB,2019
2451,103544,Bryce Love,RB,2019
2452,103679,Justice Hill,RB,2019
2453,103617,Dru Samia,OG,2019
2454,101657,Christian Miller,OLB,2019
2455,103850,Amani Hooker,S,2019
2456,103609,Austin Bryant,DE,2019
2457,103622,Hjalte Froholdt,OG,2019
2458,103742,Sheldrick Redwine,S,2019
2459,103686,Gary Jennings Jr.,WR,2019
2460,103793,Trevon Wesco,TE,2019
2461,103644,Benny Snell Jr.,RB,2019
2462,103736,Ben Powers,OG,2019
2463,103797,Phil Haynes,OG,2019
2464,103651,Renell Wren,DT,2019
2465,103858,Riley Ridley,WR,2019
2466,103667,Iman Marshall,CB,2019
2467,103878,Tony Pollard,RB,2019
2468,103620,Isaiah Johnson,CB,2019
2469,103729,Drue Tranquill,ILB,2019
2470,104040,Wes Martin,OG,2019
2471,103999,Ugochukwu Amadi,S,2019
2472,103564,Jarrett Stidham,QB,2019
2473,103645,Greg Gaines,DT,2019
2474,103746,John Cominsky,DE,2019
2475,103853,Michael Jordan,OG,2019
2476,103700,Foster Moreau,TE,2019
2477,103843,Shareef Miller,DE,2019
2478,103517,Deionte Thompson,S,2019
2479,103753,Ryquell Armstead,RB,2019
2480,103768,Zach Gentry,TE,2019
2481,103707,Ben Burr-Kirven,ILB,2019
2482,103642,Ryan Connelly,ILB,2019
2483,103548,Marvell Tell III,S,2019
2484,103811,Matt Gay,PK,2019
2485,103601,Amani Oruwariye,CB,2019
2486,103845,Vosean Joseph,OLB,2019
2487,103904,Dre Greenlaw,OLB,2019
2488,103624,Hunter Renfrow,WR,2019
2489,103816,Kingsley Keke,DT,2019
2490,103703,Andrew Van Ginkel,OLB,2019
2491,103652,Qadree Ollison,RB,2019
2492,103597,Ross Pierschbacher,OG,2019
2493,103876,Jordan Scarlett,RB,2019
2494,103543,Mack Wilson,ILB,2019
2495,103803,Justin Hollins,OLB,2019
2496,104004,Blake Cashman,ILB,2019
2497,103626,Michael Jackson,CB,2019
2498,103754,Byron Cowart,DT,2019
2499,103902,Daylon Mack,DT,2019
2500,103734,Charles Omenihu,DE,2019
2501,103691,Cameron Smith,ILB,2019
2502,103812,Jake Bailey,P,2019
2503,104041,E.J. Speed,ILB,2019
2504,103602,Joe Jackson,DE,2019
2505,103813,Easton Stick,QB,2019
2506,103610,Clayton Thorson,QB,2019
2507,103549,D'Andre Walker,OLB,2019
2508,103556,David Edwards,OT,2019
2509,104042,Austin Seibert,PK,2019
2510,103862,Darius Slayton,WR,2019
2511,103612,Jordan Miller,CB,2019
2512,104043,Cole Holcomb,OLB,2019
2513,103717,Keesean Johnson,WR,2019
2514,103905,Sutton Smith,OLB,2019
2515,103660,Kaden Smith,TE,2019
2516,103662,Saquan Hampton,S,2019
2517,103586,Gardner Minshew,QB,2019
2518,103763,Lamont Gaillard,C,2019
2519,103786,Corey Ballentine,CB,2019
2520,103568,Jaquan Johnson,S,2019
2521,103855,Trayveon Williams,RB,2019
2522,104044,Justin Skule,OT,2019
2523,103903,Travis Fulgham,WR,2019
2524,104045,Ka'dar Hollman,CB,2019
2525,103690,Ty Johnson,RB,2019
2526,104046,Juwann Winfree,WR,2019
2527,103886,David Long Jr.,OLB,2019
2528,104047,Drew Forbes,OT,2019
2529,103821,Armon Watts,DT,2019
2530,104048,Marcus Epps,S,2019
2531,103554,Isaiah Buggs,DT,2019
2532,103771,Olisaemeka Udoh,OT,2019
2533,103641,Dexter Williams,RB,2019
2534,104006,Xavier Crawford,CB,2019
2535,103592,Blessuan Austin,CB,2019
2536,103637,Trace McSorley,QB,2019
2537,104049,Tim  Harris,CB,2019
2539,103640,Emeke Egbule,OLB,2019
2540,103758,Rashad Fenton,CB,2019
2541,103558,Isaiah Prince,OT,2019
2542,104050,Marcus Green,WR,2019
2543,103666,Travis Homer,RB,2019
2544,104051,Duke Shelley,CB,2019
2545,103580,Kelvin Harmon,WR,2019
2546,103784,Ulysees Gilbert III,ILB,2019
2547,104052,Scott Miller,WR,2019
2548,103614,Demarcus Christmas,DT,2019
2549,103658,Deshaun Davis,ILB,2019
2550,103590,Rodney Anderson,RB,2019
2551,103630,Dennis Daley,OT,2019
2552,102700,Donovan Wilson,S,2019
2553,103889,Darwin Thompson,RB,2019
2554,103593,Terry Beckner Jr.,DT,2019
2555,104053,Nick Allegretti,C,2019
2556,103577,Kris Boyd,CB,2019
2557,103854,Mike Weber,RB,2019
2558,103635,Derwin Gray,OG,2019
2559,104054,Cullen Gillaspia,RB,2019
2560,103776,Donnie Lewis Jr.,CB,2019
2561,103885,Kerrith Whyte Jr.,RB,2019
2562,103770,Jordan Brown,CB,2019
2563,103867,Isaac Nauta,TE,2019
2564,103888,Darryl Johnson Jr.,OLB,2019
2565,104007,Ty Summers,ILB,2019
2566,103699,Jimmy Moreland,CB,2019
2567,104055,PJ Johnson,DT,2019
2568,104056,Quinton Bell,DE,2019
2569,103698,Alize Mack,TE,2019
2570,104057,George Asafo-Adjei,OG,2019
2571,104058,Chandler Cox,FB,2019
2572,103633,Myles Gaskin,RB,2019
2573,103600,Dontavius Russell,DT,2019
2574,103882,John Ursua,WR,2019
2575,103594,Terry Godwin,WR,2019
2576,104059,Stephen Denmark,CB,2019
2577,103887,Dillon Mitchell,WR,2019
2578,103669,Jackson Barton,OT,2019
2579,103583,Jalen Jelks,DE,2019
2580,104060,Cortez Broughton,DT,2019
2581,104061,Nick Scott,S,2019
2582,104062,Kaden Elliss,OLB,2019
2583,103688,Chris Slayton,DT,2019
2584,103801,Javon Patterson,C,2019
2585,103714,Gerald Willis III,DT,2019
2586,103599,Emanuel Hall,WR,2019
2587,103674,Te'Von Coney,ILB,2019
2588,103883,Tyree Jackson,QB,2019
2589,103606,Terrill Hanks,ILB,2019
2590,103664,Mitch Hyatt,OT,2019
2591,103757,Penny Hart,WR,2019
2592,103874,Ryan Bates,OT,2019
2593,103893,Preston Williams,WR,2019
2594,103542,Nate Herbig,OG,2019
2595,103562,Anthony Johnson,WR,2019
2596,103654,Terez Hall,OLB,2019
2597,103575,Beau Benzschawel,OG,2019
2598,103846,Saivion Smith,CB,2019
2599,103613,Jonathan Ledbetter,DE,2019
2600,103802,B.J. Autry,OG,2019
2601,103849,Hamp Cheevers,CB,2019
2602,103616,Paul Adams,OT,2019
2603,103777,Evan Worthington,S,2019
2604,103731,Wyatt Ray,DE,2019
2605,103588,T.J. Edwards,ILB,2019
2606,103923,Derrek Thomas,CB,2019
2607,103559,Lukas Denis,S,2019
2608,103772,Dax Raymond,TE,2019
2609,103997,Andrew Wingard,S,2019
2610,103705,Chase Hansen,OLB,2019
2611,103866,Elijah Holyfield,RB,2019
2612,103880,Antoine Wesley,WR,2019
2613,103655,Jonathan Crawford,S,2019
2614,103871,Andre James,OT,2019
2615,103998,Malik Carney,OLB,2019
2616,103643,Albert Huggins,DT,2019
2617,103788,Brandon Knight,OG,2019
2618,103741,Jaylen Smith,WR,2019
2619,103759,Darius West,S,2019
2620,103852,Josiah Tauaefa,ILB,2019
2621,103760,Chidi Okeke,OT,2019
2622,103570,Jamal Peters,CB,2019
2623,103629,Porter Gustin,OLB,2019
2624,103618,Karan Higdon,RB,2019
2625,103765,Yosuah Nijman,OT,2019
2626,103582,Blace Brown,CB,2019
2627,104000,Deion Calhoun,OG,2019
2628,103585,Carl Granderson,DE,2019
2629,103740,Jalin Moore,RB,2019
2631,103869,Kevin Givens,DT,2019
2632,103581,Nyqwan Murray,WR,2019
2633,103844,Tre Lamar,ILB,2019
2634,103555,Landis Durham,OLB,2019
2635,104001,Zedrick Woods,S,2019
2636,104002,Otaro Alaka,ILB,2019
2637,103737,Jakobi Meyers,WR,2019
2638,103659,D'Cota Dixon,S,2019
2639,103755,LJ Scott,RB,2019
2640,103865,Greg Dortch,WR,2019
2641,103571,Alex Bars,OG,2019
2642,103661,Darrell Williams,OLB,2019
2643,104003,Daniel Wise,DT,2019
2644,103732,Felton Davis III,WR,2019
2645,103619,Cece Jefferson,OLB,2019
2646,103806,Montre Hartage,CB,2019
2647,103762,Alex Wesley,WR,2019
2648,103781,Davante Davis,CB,2019
2649,104005,Tyrel Dodson,OLB,2019
2650,103884,Amani Bledsoe,DE,2019
2651,103632,Mark Fields,CB,2019
2652,103933,Jamal Davis II,OLB,2019
2653,103638,David Sills V,WR,2019
2654,103820,Derrick Baity Jr.,CB,2019
2655,103775,Alex Barnes,RB,2019
2656,103693,Tyre Brady,WR,2019
2657,103605,JoJo McIntosh,S,2019
2658,104008,Keenen Brown,TE,2019
2659,103917,James Williams,RB,2019
2660,103859,Lil'Jordan Humphrey,WR,2019
2661,103792,Tyler Jones,OG,2019
2662,103810,Ryan Pope,OT,2019
2663,103807,Gary Johnson,ILB,2019
2664,103773,Keelan Doss,WR,2019
2665,103918,Darius Williams,CB,2019
2666,103795,Cameron Glenn,S,2019
2667,103873,Clifton Duck,CB,2019
2668,103779,Breckyn Hager,OLB,2019
2669,103634,Jesse Burkett,C,2019
2671,103675,Fred Johnson,OG,2019
2676,103701,Brett Rypien,QB,2019
2677,103851,Mike Bell,S,2019
2678,103683,Joe Dineen Jr.,ILB,2019
2680,103877,Johnnie Dixon,WR,2019
2681,103916,Damarkus Lodge,WR,2019
2683,103676,Kendall Blanton,TE,2019
2686,103695,Khalil Hodge,ILB,2019
2687,103603,Stanley Morgan Jr.,WR,2019
2689,103657,Kendall Joseph,ILB,2019
2691,102222,Wes Hills,RB,2019
2692,102266,Cody Thompson,WR,2019
2693,103791,Daniel Helm,TE,2019
2697,103704,Kiy Hester,S,2019
2699,103780,Ryan Davis,WR,2019
2701,103879,Ed Alexander,DT,2019
2703,103692,Sam Mustipher,C,2019
2706,103648,Natrez Patrick,ILB,2019
2709,103890,Tyron Johnson,WR,2019
2710,103872,Anthony Ratliff-Williams,WR,2019
2711,103646,Alijah Holder,CB,2019
2712,103711,Garrett Brumfield,OG,2019
2717,103767,Nate Hall,ILB,2019
2718,103682,Jacques Patrick,RB,2019
2721,103925,Martez Ivey,OG,2019
2722,103647,Lester Cotton Sr.,OG,2019
2725,103670,Brandon Snyder,S,2019
2727,103744,E.J. Ejiya,ILB,2019
2728,103761,Nick Brossette,RB,2019
2731,104204,Joe Burrow,QB,2020
2732,104097,Chase Young,DE,2020
2733,104096,Jeff Okudah,CB,2020
2734,104112,Andrew Thomas,OT,2020
2735,104093,Tua Tagovailoa,QB,2020
2736,104099,Justin Herbert,QB,2020
2737,104098,Derrick Brown,DT,2020
2738,104106,Isaiah Simmons,OLB,2020
2739,104104,CJ Henderson,CB,2020
2740,104425,Jedrick Wills Jr.,OT,2020
2741,104126,Mekhi Becton,OT,2020
2742,104103,Henry Ruggs III,WR,2020
2743,104122,Tristan Wirfs,OT,2020
2744,104120,Javon Kinlaw,DT,2020
2745,104094,Jerry Jeudy,WR,2020
2746,104476,A.J. Terrell,CB,2020
2747,104100,CeeDee Lamb,WR,2020
2748,104433,Austin Jackson,OT,2020
2749,104223,Damon Arnette,CB,2020
2750,104427,K'Lavon Chaisson,OLB,2020
2751,104117,Jalen Reagor,WR,2020
2752,104360,Justin Jefferson,WR,2020
2753,104429,Kenneth Murray,ILB,2020
2754,104435,Cesar Ruiz,C,2020
2755,104224,Brandon Aiyuk,WR,2020
2756,104199,Jordan Love,QB,2020
2757,104385,Jordyn Brooks,OLB,2020
2758,104432,Patrick Queen,ILB,2020
2759,104436,Isaiah Wilson,OT,2020
2760,104428,Noah Igbinoghene,CB,2020
2761,104219,Jeff Gladney,CB,2020
2762,104430,Clyde Edwards-Helaire,RB,2020
2763,104116,Tee Higgins,WR,2020
2764,104217,Michael Pittman Jr.,WR,2020
2765,104118,D'Andre Swift,RB,2020
2766,104198,Xavier McKinney,S,2020
2767,104220,Kyle Dugger,S,2020
2768,104127,Yetur Gross-Matos,DE,2020
2769,104401,Robert Hunt,OG,2020
2770,104426,Ross Blacklock,DT,2020
2771,104139,Jonathan Taylor,RB,2020
2772,104108,Laviska Shenault Jr.,WR,2020
2773,104431,Cole Kmet,TE,2020
2774,104095,Grant Delpit,S,2020
2775,104481,Antoine Winfield Jr.,S,2020
2776,104361,KJ Hamler,WR,2020
2777,104163,Marlon Davidson,DT,2020
2778,104203,Darrell Taylor,DE,2020
2779,104180,Chase Claypool,WR,2020
2780,104210,Jaylon Johnson,CB,2020
2781,104110,Trevon Diggs,CB,2020
2782,104135,Cam Akers,RB,2020
2783,104214,Jalen Hurts,QB,2020
2784,104101,AJ Epenesa,DE,2020
2785,104134,J.K. Dobbins,RB,2020
2786,104111,Raekwon Davis,DT,2020
2787,104391,Van Jefferson,WR,2020
2788,104442,Ezra Cleveland,OT,2020
2789,104228,Denzel Mims,WR,2020
2790,104162,Josh Uche,DE,2020
2791,104102,Kristian Fulton,CB,2020
2792,104155,AJ Dillon,RB,2020
2793,104526,Willie Gay Jr.,ILB,2020
2794,104397,Jeremy Chinn,S,2020
2795,104392,Logan Wilson,ILB,2020
2796,104491,Antonio Gibson,WR,2020
2797,104109,Julian Okwara,OLB,2020
2798,104200,Ashtyn Davis,S,2020
2799,104517,Damien Lewis,OG,2020
2800,21496,Brandon Jones,S,2020
2801,104434,Justin Madubuike,DT,2020
2802,104396,Josh Jones,OT,2020
2803,104501,Davon Hamilton,DT,2020
2804,104221,Zack Baun,OLB,2020
2805,104492,Jonah Jackson,OG,2020
2806,104144,Ke'Shawn Vaughn,RB,2020
2807,104437,Matt Hennessy,C,2020
2808,104130,Jabari Zuniga,DE,2020
2809,104441,Lynn Bowden Jr.,WR,2020
2810,20394,Bryan Edwards,WR,2020
2811,104375,Neville Gallimore,DT,2020
2812,104212,Lloyd Cushenberry III,C,2020
2813,104113,Terrell Lewis,OLB,2020
2814,104407,Julian Blackmon,S,2020
2815,104222,Zack Moss,RB,2020
2816,104129,Anfernee Jennings,OLB,2020
2817,104215,Jordan Elliott,DT,2020
2818,104446,Cameron Dantzler,CB,2020
2819,104216,Jonathan Greenard,OLB,2020
2820,104461,Devin Asiasi,TE,2020
2821,104227,Devin Duvernay,WR,2020
2822,104463,Darrynton Evans,RB,2020
2823,104674,Josiah Deguara,TE,2020
2824,104675,McTelvin Agim,DT,2020
2825,104105,Lucas Niang,OT,2020
2826,104520,Jacob Phillips,ILB,2020
2827,104136,Malik Harrison,ILB,2020
2828,104383,Matt Peart,OT,2020
2829,104510,Tanner Muse,S,2020
2830,104623,Dalton Keene,TE,2020
2831,104659,Alex Highsmith,OLB,2020
2832,104381,Davion Taylor,OLB,2020
2833,104406,Terrell Burgess,S,2020
2834,104395,Adam Trautman,TE,2020
2835,104653,Tyre Phillips,OT,2020
2836,104378,Akeem Davis-Gaither,OLB,2020
2837,104477,Saahdiq Charles,OT,2020
2838,104209,John Simpson,OG,2020
2839,104208,Darnay Holmes,CB,2020
2840,104500,Solomon Kindley,OG,2020
2841,104536,Joshua Kelley,RB,2020
2842,104171,Troy Pride Jr.,CB,2020
2843,104384,Leki Fotu,DT,2020
2844,104161,Harrison Bryant,TE,2020
2845,104409,Ben Bartch,OT,2020
2846,104142,D.J. Wonnum,DE,2020
2847,104131,Albert Okwuegbunam,TE,2020
2848,104521,Mykal Walker,ILB,2020
2849,104226,La'Mical Perine,RB,2020
2850,104207,Logan Stenberg,OG,2020
2851,104196,Jacob Eason,QB,2020
2852,104676,Reggie Robinson II,CB,2020
2853,104443,Anthony McFarland Jr.,RB,2020
2854,104646,James Morgan,QB,2020
2855,104645,Charlie Heck,OT,2020
2856,104374,K'Von Wallace,S,2020
2857,104457,Gabriel Davis,WR,2020
2858,104547,Cameron Clark,OT,2020
2859,104371,James Lynch,DT,2020
2860,104518,Rashard Lawrence,DT,2020
2861,104237,Troy Dye,ILB,2020
2862,104445,Colby Parkinson,TE,2020
2863,104677,Jaylinn Hawkins,S,2020
2864,104649,Kevin Dotson,OG,2020
2865,104175,Brycen Hopkins,TE,2020
2866,104444,Josiah Scott,CB,2020
2867,104656,L'Jarius Sneed,S,2020
2868,104451,Amik Robertson,CB,2020
2869,104187,Shaquille Quarterman,ILB,2020
2870,104541,John Reid,CB,2020
2871,104394,Antonio Gandy-Golden,WR,2020
2872,104191,Ben Bredeson,OG,2020
2873,104487,DeeJay Dallas,RB,2020
2874,104490,Jack Driscoll,OG,2020
2875,104133,Khalid Kareem,DE,2020
2876,104183,Alton Robinson,DE,2020
2877,104655,Danny Pinter,OG,2020
2878,104246,Shane Lemieux,OG,2020
2879,104373,Joe Reed,WR,2020
2880,104651,Kenny Robinson,S,2020
2881,104145,Colton McKivitz,OT,2020
2882,104376,Jason Strowbridge,DE,2020
2883,104678,Trevis Gipson,OLB,2020
2884,104479,Keith Ismael,C,2020
2885,104679,Daniel Thomas,S,2020
2886,104121,Bryce Hall,CB,2020
2887,104680,Justin Rohrwasser,PK,2020
2888,104213,Nick Harris,C,2020
2889,104174,Tyler Johnson,WR,2020
2890,104488,Khaleke Hudson,OLB,2020
2891,104225,Kindle Vildor,CB,2020
2892,104119,Curtis Weaver,DE,2020
2893,104137,Collin Johnson,WR,2020
2894,104480,Quintez Cephus,WR,2020
2895,104128,Jake Fromm,QB,2020
2896,104652,John Hightower,WR,2020
2897,104452,Harrison Hand,CB,2020
2898,104681,Broderick Washington Jr,DT,2020
2899,104647,Isaiah Coulter,WR,2020
2900,104682,Jason Huntley,RB,2020
2901,104683,Darnell Mooney,WR,2020
2902,104377,Larrell Murchison,DT,2020
2903,104211,Kamal Martin,ILB,2020
2904,104551,K.J. Osborn,WR,2020
2905,104172,Mike Danna,DE,2020
2906,104504,Justin Strnad,OLB,2020
2907,104388,Bradlee Anae,DE,2020
2908,104390,Hakeem Adeniji,OT,2020
2909,104484,Netane Muti,OG,2020
2910,104684,Michael Onwenu,OG,2020
2911,104524,Cam Brown,OLB,2020
2912,104685,Bravvion Roy,DT,2020
2913,104462,Blake Ferguson,LS,2020
2914,104552,Alohi Gilman,S,2020
2915,104140,Donovan Peoples-Jones,WR,2020
2916,104402,Tyler Bass,PK,2020
2917,104628,Jake Luton,QB,2020
2918,104686,Charlie Woerner,TE,2020
2919,104386,Braden Mann,P,2020
2920,22608,Jon Runyan,OG,2020
2921,104380,Robert Windsor,DT,2020
2922,104657,Khalil Davis,DT,2020
2923,104660,Justin Herron,OT,2020
2924,104648,Shaun Bradley,ILB,2020
2925,104650,John Penisini,DT,2020
2926,104170,Antoine Brooks Jr.,S,2020
2927,104178,Jordan Fuller,S,2020
2928,104449,Quez Watkins,WR,2020
2929,104495,James Proche,WR,2020
2930,104400,Evan Weaver,ILB,2020
2931,104687,Blake Brandel,OT,2020
2932,104688,Cassh Maluia,ILB,2020
2933,104146,Josh Metellus,S,2020
2934,104689,Tyler Davis,TE,2020
2935,104439,Isaiah Hodgins,WR,2020
2936,104690,Jake Hanson,C,2020
2937,104193,Simon Stepaniak,OT,2020
2938,104123,Prince Tega Wanogho,OT,2020
2939,104691,Isaiah Rodgers,CB,2020
2940,104239,Dezmon Patmon,WR,2020
2941,104692,Jordan Glasgow,ILB,2020
2942,104693,Freddie Swain,WR,2020
2943,104147,Markus Bailey,ILB,2020
2944,104694,Kamren Curl,S,2020
2945,104248,Jauan Jennings,WR,2020
2946,104405,Carter Coughlin,OLB,2020
2947,104483,Geno Stone,S,2020
2948,104166,K.J. Hill,WR,2020
2949,104695,Stantley Thomas-Oliver III,CB,2020
2950,104448,Eno Benjamin,RB,2020
2951,104696,Chris Claybrooks,CB,2020
2952,104459,Cole McDonald,QB,2020
2953,104132,Kenny Willekes,DE,2020
2954,104697,Arlington Hambright,OT,2020
2955,104698,Lachavious Simmons,OG,2020
2956,104527,James Smith-Williams,DE,2020
2957,104700,Dustin Woodard,C,2020
2958,104701,Ben DiNucci,QB,2020
2959,104513,Carlos Davis,DT,2020
2960,104530,Casey Toohill,DE,2020
2961,104702,Clay Johnston,ILB,2020
2962,104703,Jashon Cornell,DE,2020
2963,104704,Vernon Scott,S,2020
2964,104705,Thakarius Keyes,CB,2020
2965,104706,TJ Brunson,ILB,2020
2966,104389,Dane Jackson,CB,2020
2967,104707,Tommy Stevens,QB,2020
2968,104515,Chapelle Russell,OLB,2020
2969,104454,Jonathan Garvin,DE,2020
2970,104708,Chris Jackson,S,2020
2971,104154,Nate Stanley,QB,2020
2972,104508,Raymond Calais,RB,2020
2973,104709,Malcolm Perry,WR,2020
2974,104125,Trey Adams,OT,2020
2975,104438,Hunter Bryant,TE,2020
2976,104138,Lavert Hill,CB,2020
2977,104176,Kalija Lipscomb,WR,2020
2978,104150,Nick Coe,DE,2020
2979,104502,Javaris Davis,CB,2020
2980,104478,Austin Mack,WR,2020
2981,104114,Jared Pinkney,TE,2020
2982,104202,Quartney Davis,WR,2020
2983,104379,Terence Steele,OT,2020
2984,104489,Binjimen Victor,WR,2020
2986,104485,Essang Bassey,CB,2020
2987,104205,A.J. Green,CB,2020
2989,104482,Thaddeus Moss,TE,2020
2990,104399,Alex Taylor,OT,2020
2991,104167,Raequan Williams,DT,2020
2992,104242,Juwan Johnson,WR,2020
2993,104494,James Robinson,RB,2020
2994,104387,Charlie Taumoepeau,TE,2020
2995,104185,Tipa Galeai,DE,2020
2997,104447,Salvon Ahmed,RB,2020
2999,104410,Joseph Charlton,P,2020
3000,104498,Patrick Taylor Jr.,RB,2020
3002,104546,Jordan Mack,ILB,2020
3004,104453,Javon Leake,RB,2020
3005,104189,Mitchell Wilcox,TE,2020
3006,104514,Benito Jones,DT,2020
3007,104522,Malcolm Roach,DE,2020
3008,104465,J.J. Taylor,RB,2020
3011,104528,Josiah Coatney,DT,2020
3012,104151,Tyler Higby,OG,2020
3013,104440,Stanford Samuels III,CB,2020
3014,104229,Steven Montez,QB,2020
3016,104244,Calvin Throckmorton,OT,2020
3020,104450,Tony Jones Jr.,RB,2020
3021,104499,Aaron Fuller,WR,2020
3022,104460,Trajan Bandy,CB,2020
3023,104372,Gage Cervenka,OG,2020
3024,104497,LaDarius Hamilton,DE,2020
3026,104529,David Woodward,ILB,2020
3027,104165,Ray Lima,DT,2020
3028,104157,Shyheim Carter,S,2020
3029,104243,Dominick Wood-Anderson,TE,2020
3031,104532,Debione Renfro,CB,2020
3032,104190,Joe Bachie,ILB,2020
3033,104153,Steven Gonzalez,OG,2020
3034,104143,Brian Lewerke,QB,2020
3038,104230,JaMycal Hasty,RB,2020
3039,104033,Myles Bryant,CB,2020
3040,104169,Jalen Elliott,S,2020
3041,104534,Michael Pinckney,ILB,2020
3042,104192,Zach Shackelford,C,2020
3044,104538,Dante Olson,ILB,2020
3046,104540,Grayland Arnold,CB,2020
3047,104241,Nigel Warrior,S,2020
3050,104624,Javelin Guidry,CB,2020
3051,104525,Rico Dowdle,RB,2020
3053,104398,Jared Mayden,S,2020
3054,104486,Trystan Colon-Castillo,C,2020
3056,104408,Francis Bernard,ILB,2020
3057,104245,Jacob Breeland,TE,2020
3059,104549,Shea Patterson,QB,2020
3060,104663,Parker Braun,OG,2020
3061,104149,David Dowell,S,2020
3062,104197,Trevon Hill,DE,2020
3063,104403,Darius Anderson,RB,2020
3064,104661,Nevelle Clarke,CB,2020
3065,104458,Jeff Thomas,WR,2020
